/raid/shreyansh_s_ch/datasets/HGM-4/HGM-1.0/Front_CAM/D/P4_006.jpg, 3
/raid/shreyansh_s_ch/datasets/HGM-4/HGM-1.0/Front_CAM/D/P3_008.jpg, 3
/raid/shreyansh_s_ch/datasets/HGM-4/HGM-1.0/Front_CAM/D/P5_008.jpg, 3
/raid/shreyansh_s_ch/datasets/HGM-4/HGM-1.0/Front_CAM/D/P1_005.jpg, 3
/raid/shreyansh_s_ch/datasets/HGM-4/HGM-1.0/Front_CAM/D/P1_002.jpg, 3
/raid/shreyansh_s_ch/datasets/HGM-4/HGM-1.0/Front_CAM/D/P4_004.jpg, 3
/raid/shreyansh_s_ch/datasets/HGM-4/HGM-1.0/Front_CAM/D/P4_001.jpg, 3
/raid/shreyansh_s_ch/datasets/HGM-4/HGM-1.0/Front_CAM/D/P2_005.jpg, 3
/raid/shreyansh_s_ch/datasets/HGM-4/HGM-1.0/Front_CAM/D/P4_005.jpg, 3
/raid/shreyansh_s_ch/datasets/HGM-4/HGM-1.0/Front_CAM/D/P2_008.jpg, 3
/raid/shreyansh_s_ch/datasets/HGM-4/HGM-1.0/Front_CAM/D/P2_001.jpg, 3
/raid/shreyansh_s_ch/datasets/HGM-4/HGM-1.0/Front_CAM/D/P3_003.jpg, 3
/raid/shreyansh_s_ch/datasets/HGM-4/HGM-1.0/Front_CAM/D/P5_007.jpg, 3
/raid/shreyansh_s_ch/datasets/HGM-4/HGM-1.0/Front_CAM/D/P4_008.jpg, 3
/raid/shreyansh_s_ch/datasets/HGM-4/HGM-1.0/Front_CAM/D/P1_004.jpg, 3
/raid/shreyansh_s_ch/datasets/HGM-4/HGM-1.0/Front_CAM/D/P5_002.jpg, 3
/raid/shreyansh_s_ch/datasets/HGM-4/HGM-1.0/Front_CAM/D/P1_008.jpg, 3
/raid/shreyansh_s_ch/datasets/HGM-4/HGM-1.0/Front_CAM/D/P5_003.jpg, 3
/raid/shreyansh_s_ch/datasets/HGM-4/HGM-1.0/Front_CAM/D/P3_005.jpg, 3
/raid/shreyansh_s_ch/datasets/HGM-4/HGM-1.0/Front_CAM/D/P2_007.jpg, 3
/raid/shreyansh_s_ch/datasets/HGM-4/HGM-1.0/Front_CAM/D/P3_002.jpg, 3
/raid/shreyansh_s_ch/datasets/HGM-4/HGM-1.0/Front_CAM/D/P5_005.jpg, 3
/raid/shreyansh_s_ch/datasets/HGM-4/HGM-1.0/Front_CAM/D/P4_007.jpg, 3
/raid/shreyansh_s_ch/datasets/HGM-4/HGM-1.0/Front_CAM/D/P1_001.jpg, 3
/raid/shreyansh_s_ch/datasets/HGM-4/HGM-1.0/Front_CAM/D/P5_001.jpg, 3
/raid/shreyansh_s_ch/datasets/HGM-4/HGM-1.0/Front_CAM/D/P3_004.jpg, 3
/raid/shreyansh_s_ch/datasets/HGM-4/HGM-1.0/Front_CAM/D/P4_002.jpg, 3
/raid/shreyansh_s_ch/datasets/HGM-4/HGM-1.0/Front_CAM/D/P2_002.jpg, 3
/raid/shreyansh_s_ch/datasets/HGM-4/HGM-1.0/Front_CAM/D/P5_004.jpg, 3
/raid/shreyansh_s_ch/datasets/HGM-4/HGM-1.0/Front_CAM/D/P3_001.jpg, 3
/raid/shreyansh_s_ch/datasets/HGM-4/HGM-1.0/Front_CAM/D/P1_006.jpg, 3
/raid/shreyansh_s_ch/datasets/HGM-4/HGM-1.0/Front_CAM/D/P4_003.jpg, 3
/raid/shreyansh_s_ch/datasets/HGM-4/HGM-1.0/Front_CAM/D/P2_006.jpg, 3
/raid/shreyansh_s_ch/datasets/HGM-4/HGM-1.0/Front_CAM/D/P1_003.jpg, 3
/raid/shreyansh_s_ch/datasets/HGM-4/HGM-1.0/Front_CAM/D/P2_004.jpg, 3
/raid/shreyansh_s_ch/datasets/HGM-4/HGM-1.0/Front_CAM/D/P2_003.jpg, 3
/raid/shreyansh_s_ch/datasets/HGM-4/HGM-1.0/Front_CAM/D/P5_006.jpg, 3
/raid/shreyansh_s_ch/datasets/HGM-4/HGM-1.0/Front_CAM/D/P3_007.jpg, 3
/raid/shreyansh_s_ch/datasets/HGM-4/HGM-1.0/Front_CAM/D/P3_006.jpg, 3
/raid/shreyansh_s_ch/datasets/HGM-4/HGM-1.0/Front_CAM/D/P1_007.jpg, 3
/raid/shreyansh_s_ch/datasets/HGM-4/HGM-1.0/Front_CAM/S/P4_006.jpg, 18
/raid/shreyansh_s_ch/datasets/HGM-4/HGM-1.0/Front_CAM/S/P3_008.jpg, 18
/raid/shreyansh_s_ch/datasets/HGM-4/HGM-1.0/Front_CAM/S/P5_008.jpg, 18
/raid/shreyansh_s_ch/datasets/HGM-4/HGM-1.0/Front_CAM/S/P1_005.jpg, 18
/raid/shreyansh_s_ch/datasets/HGM-4/HGM-1.0/Front_CAM/S/P1_002.jpg, 18
/raid/shreyansh_s_ch/datasets/HGM-4/HGM-1.0/Front_CAM/S/P4_004.jpg, 18
/raid/shreyansh_s_ch/datasets/HGM-4/HGM-1.0/Front_CAM/S/P4_001.jpg, 18
/raid/shreyansh_s_ch/datasets/HGM-4/HGM-1.0/Front_CAM/S/P2_005.jpg, 18
/raid/shreyansh_s_ch/datasets/HGM-4/HGM-1.0/Front_CAM/S/P4_005.jpg, 18
/raid/shreyansh_s_ch/datasets/HGM-4/HGM-1.0/Front_CAM/S/P2_008.jpg, 18
/raid/shreyansh_s_ch/datasets/HGM-4/HGM-1.0/Front_CAM/S/P2_001.jpg, 18
/raid/shreyansh_s_ch/datasets/HGM-4/HGM-1.0/Front_CAM/S/P3_003.jpg, 18
/raid/shreyansh_s_ch/datasets/HGM-4/HGM-1.0/Front_CAM/S/P5_007.jpg, 18
/raid/shreyansh_s_ch/datasets/HGM-4/HGM-1.0/Front_CAM/S/P4_008.jpg, 18
/raid/shreyansh_s_ch/datasets/HGM-4/HGM-1.0/Front_CAM/S/P1_004.jpg, 18
/raid/shreyansh_s_ch/datasets/HGM-4/HGM-1.0/Front_CAM/S/P5_002.jpg, 18
/raid/shreyansh_s_ch/datasets/HGM-4/HGM-1.0/Front_CAM/S/P1_008.jpg, 18
/raid/shreyansh_s_ch/datasets/HGM-4/HGM-1.0/Front_CAM/S/P5_003.jpg, 18
/raid/shreyansh_s_ch/datasets/HGM-4/HGM-1.0/Front_CAM/S/P3_005.jpg, 18
/raid/shreyansh_s_ch/datasets/HGM-4/HGM-1.0/Front_CAM/S/P2_007.jpg, 18
/raid/shreyansh_s_ch/datasets/HGM-4/HGM-1.0/Front_CAM/S/P3_002.jpg, 18
/raid/shreyansh_s_ch/datasets/HGM-4/HGM-1.0/Front_CAM/S/P5_005.jpg, 18
/raid/shreyansh_s_ch/datasets/HGM-4/HGM-1.0/Front_CAM/S/P4_007.jpg, 18
/raid/shreyansh_s_ch/datasets/HGM-4/HGM-1.0/Front_CAM/S/P1_001.jpg, 18
/raid/shreyansh_s_ch/datasets/HGM-4/HGM-1.0/Front_CAM/S/P5_001.jpg, 18
/raid/shreyansh_s_ch/datasets/HGM-4/HGM-1.0/Front_CAM/S/P3_004.jpg, 18
/raid/shreyansh_s_ch/datasets/HGM-4/HGM-1.0/Front_CAM/S/P4_002.jpg, 18
/raid/shreyansh_s_ch/datasets/HGM-4/HGM-1.0/Front_CAM/S/P2_002.jpg, 18
/raid/shreyansh_s_ch/datasets/HGM-4/HGM-1.0/Front_CAM/S/P5_004.jpg, 18
/raid/shreyansh_s_ch/datasets/HGM-4/HGM-1.0/Front_CAM/S/P3_001.jpg, 18
/raid/shreyansh_s_ch/datasets/HGM-4/HGM-1.0/Front_CAM/S/P1_006.jpg, 18
/raid/shreyansh_s_ch/datasets/HGM-4/HGM-1.0/Front_CAM/S/P4_003.jpg, 18
/raid/shreyansh_s_ch/datasets/HGM-4/HGM-1.0/Front_CAM/S/P2_006.jpg, 18
/raid/shreyansh_s_ch/datasets/HGM-4/HGM-1.0/Front_CAM/S/P1_003.jpg, 18
/raid/shreyansh_s_ch/datasets/HGM-4/HGM-1.0/Front_CAM/S/P2_004.jpg, 18
/raid/shreyansh_s_ch/datasets/HGM-4/HGM-1.0/Front_CAM/S/P2_003.jpg, 18
/raid/shreyansh_s_ch/datasets/HGM-4/HGM-1.0/Front_CAM/S/P5_006.jpg, 18
/raid/shreyansh_s_ch/datasets/HGM-4/HGM-1.0/Front_CAM/S/P3_007.jpg, 18
/raid/shreyansh_s_ch/datasets/HGM-4/HGM-1.0/Front_CAM/S/P3_006.jpg, 18
/raid/shreyansh_s_ch/datasets/HGM-4/HGM-1.0/Front_CAM/S/P1_007.jpg, 18
/raid/shreyansh_s_ch/datasets/HGM-4/HGM-1.0/Front_CAM/I/P4_006.jpg, 8
/raid/shreyansh_s_ch/datasets/HGM-4/HGM-1.0/Front_CAM/I/P3_008.jpg, 8
/raid/shreyansh_s_ch/datasets/HGM-4/HGM-1.0/Front_CAM/I/P5_008.jpg, 8
/raid/shreyansh_s_ch/datasets/HGM-4/HGM-1.0/Front_CAM/I/P1_005.jpg, 8
/raid/shreyansh_s_ch/datasets/HGM-4/HGM-1.0/Front_CAM/I/P1_002.jpg, 8
/raid/shreyansh_s_ch/datasets/HGM-4/HGM-1.0/Front_CAM/I/P4_004.jpg, 8
/raid/shreyansh_s_ch/datasets/HGM-4/HGM-1.0/Front_CAM/I/P4_001.jpg, 8
/raid/shreyansh_s_ch/datasets/HGM-4/HGM-1.0/Front_CAM/I/P2_005.jpg, 8
/raid/shreyansh_s_ch/datasets/HGM-4/HGM-1.0/Front_CAM/I/P4_005.jpg, 8
/raid/shreyansh_s_ch/datasets/HGM-4/HGM-1.0/Front_CAM/I/P2_008.jpg, 8
/raid/shreyansh_s_ch/datasets/HGM-4/HGM-1.0/Front_CAM/I/P2_001.jpg, 8
/raid/shreyansh_s_ch/datasets/HGM-4/HGM-1.0/Front_CAM/I/P3_003.jpg, 8
/raid/shreyansh_s_ch/datasets/HGM-4/HGM-1.0/Front_CAM/I/P5_007.jpg, 8
/raid/shreyansh_s_ch/datasets/HGM-4/HGM-1.0/Front_CAM/I/P4_008.jpg, 8
/raid/shreyansh_s_ch/datasets/HGM-4/HGM-1.0/Front_CAM/I/P1_004.jpg, 8
/raid/shreyansh_s_ch/datasets/HGM-4/HGM-1.0/Front_CAM/I/P5_002.jpg, 8
/raid/shreyansh_s_ch/datasets/HGM-4/HGM-1.0/Front_CAM/I/P1_008.jpg, 8
/raid/shreyansh_s_ch/datasets/HGM-4/HGM-1.0/Front_CAM/I/P5_003.jpg, 8
/raid/shreyansh_s_ch/datasets/HGM-4/HGM-1.0/Front_CAM/I/P3_005.jpg, 8
/raid/shreyansh_s_ch/datasets/HGM-4/HGM-1.0/Front_CAM/I/P2_007.jpg, 8
/raid/shreyansh_s_ch/datasets/HGM-4/HGM-1.0/Front_CAM/I/P3_002.jpg, 8
/raid/shreyansh_s_ch/datasets/HGM-4/HGM-1.0/Front_CAM/I/P5_005.jpg, 8
/raid/shreyansh_s_ch/datasets/HGM-4/HGM-1.0/Front_CAM/I/P4_007.jpg, 8
/raid/shreyansh_s_ch/datasets/HGM-4/HGM-1.0/Front_CAM/I/P1_001.jpg, 8
/raid/shreyansh_s_ch/datasets/HGM-4/HGM-1.0/Front_CAM/I/P5_001.jpg, 8
/raid/shreyansh_s_ch/datasets/HGM-4/HGM-1.0/Front_CAM/I/P3_004.jpg, 8
/raid/shreyansh_s_ch/datasets/HGM-4/HGM-1.0/Front_CAM/I/P4_002.jpg, 8
/raid/shreyansh_s_ch/datasets/HGM-4/HGM-1.0/Front_CAM/I/P2_002.jpg, 8
/raid/shreyansh_s_ch/datasets/HGM-4/HGM-1.0/Front_CAM/I/P5_004.jpg, 8
/raid/shreyansh_s_ch/datasets/HGM-4/HGM-1.0/Front_CAM/I/P3_001.jpg, 8
/raid/shreyansh_s_ch/datasets/HGM-4/HGM-1.0/Front_CAM/I/P1_006.jpg, 8
/raid/shreyansh_s_ch/datasets/HGM-4/HGM-1.0/Front_CAM/I/P4_003.jpg, 8
/raid/shreyansh_s_ch/datasets/HGM-4/HGM-1.0/Front_CAM/I/P2_006.jpg, 8
/raid/shreyansh_s_ch/datasets/HGM-4/HGM-1.0/Front_CAM/I/P1_003.jpg, 8
/raid/shreyansh_s_ch/datasets/HGM-4/HGM-1.0/Front_CAM/I/P2_004.jpg, 8
/raid/shreyansh_s_ch/datasets/HGM-4/HGM-1.0/Front_CAM/I/P2_003.jpg, 8
/raid/shreyansh_s_ch/datasets/HGM-4/HGM-1.0/Front_CAM/I/P5_006.jpg, 8
/raid/shreyansh_s_ch/datasets/HGM-4/HGM-1.0/Front_CAM/I/P3_007.jpg, 8
/raid/shreyansh_s_ch/datasets/HGM-4/HGM-1.0/Front_CAM/I/P3_006.jpg, 8
/raid/shreyansh_s_ch/datasets/HGM-4/HGM-1.0/Front_CAM/I/P1_007.jpg, 8
/raid/shreyansh_s_ch/datasets/HGM-4/HGM-1.0/Front_CAM/B/P4_006.jpg, 1
/raid/shreyansh_s_ch/datasets/HGM-4/HGM-1.0/Front_CAM/B/P3_008.jpg, 1
/raid/shreyansh_s_ch/datasets/HGM-4/HGM-1.0/Front_CAM/B/P5_008.jpg, 1
/raid/shreyansh_s_ch/datasets/HGM-4/HGM-1.0/Front_CAM/B/P1_005.jpg, 1
/raid/shreyansh_s_ch/datasets/HGM-4/HGM-1.0/Front_CAM/B/P1_002.jpg, 1
/raid/shreyansh_s_ch/datasets/HGM-4/HGM-1.0/Front_CAM/B/P4_004.jpg, 1
/raid/shreyansh_s_ch/datasets/HGM-4/HGM-1.0/Front_CAM/B/P4_001.jpg, 1
/raid/shreyansh_s_ch/datasets/HGM-4/HGM-1.0/Front_CAM/B/P2_005.jpg, 1
/raid/shreyansh_s_ch/datasets/HGM-4/HGM-1.0/Front_CAM/B/P4_005.jpg, 1
/raid/shreyansh_s_ch/datasets/HGM-4/HGM-1.0/Front_CAM/B/P2_008.jpg, 1
/raid/shreyansh_s_ch/datasets/HGM-4/HGM-1.0/Front_CAM/B/P2_001.jpg, 1
/raid/shreyansh_s_ch/datasets/HGM-4/HGM-1.0/Front_CAM/B/P3_003.jpg, 1
/raid/shreyansh_s_ch/datasets/HGM-4/HGM-1.0/Front_CAM/B/P5_007.jpg, 1
/raid/shreyansh_s_ch/datasets/HGM-4/HGM-1.0/Front_CAM/B/P4_008.jpg, 1
/raid/shreyansh_s_ch/datasets/HGM-4/HGM-1.0/Front_CAM/B/P1_004.jpg, 1
/raid/shreyansh_s_ch/datasets/HGM-4/HGM-1.0/Front_CAM/B/P5_002.jpg, 1
/raid/shreyansh_s_ch/datasets/HGM-4/HGM-1.0/Front_CAM/B/P1_008.jpg, 1
/raid/shreyansh_s_ch/datasets/HGM-4/HGM-1.0/Front_CAM/B/P5_003.jpg, 1
/raid/shreyansh_s_ch/datasets/HGM-4/HGM-1.0/Front_CAM/B/P3_005.jpg, 1
/raid/shreyansh_s_ch/datasets/HGM-4/HGM-1.0/Front_CAM/B/P2_007.jpg, 1
/raid/shreyansh_s_ch/datasets/HGM-4/HGM-1.0/Front_CAM/B/P3_002.jpg, 1
/raid/shreyansh_s_ch/datasets/HGM-4/HGM-1.0/Front_CAM/B/P5_005.jpg, 1
/raid/shreyansh_s_ch/datasets/HGM-4/HGM-1.0/Front_CAM/B/P4_007.jpg, 1
/raid/shreyansh_s_ch/datasets/HGM-4/HGM-1.0/Front_CAM/B/P1_001.jpg, 1
/raid/shreyansh_s_ch/datasets/HGM-4/HGM-1.0/Front_CAM/B/P5_001.jpg, 1
/raid/shreyansh_s_ch/datasets/HGM-4/HGM-1.0/Front_CAM/B/P3_004.jpg, 1
/raid/shreyansh_s_ch/datasets/HGM-4/HGM-1.0/Front_CAM/B/P4_002.jpg, 1
/raid/shreyansh_s_ch/datasets/HGM-4/HGM-1.0/Front_CAM/B/P2_002.jpg, 1
/raid/shreyansh_s_ch/datasets/HGM-4/HGM-1.0/Front_CAM/B/P5_004.jpg, 1
/raid/shreyansh_s_ch/datasets/HGM-4/HGM-1.0/Front_CAM/B/P3_001.jpg, 1
/raid/shreyansh_s_ch/datasets/HGM-4/HGM-1.0/Front_CAM/B/P1_006.jpg, 1
/raid/shreyansh_s_ch/datasets/HGM-4/HGM-1.0/Front_CAM/B/P4_003.jpg, 1
/raid/shreyansh_s_ch/datasets/HGM-4/HGM-1.0/Front_CAM/B/P2_006.jpg, 1
/raid/shreyansh_s_ch/datasets/HGM-4/HGM-1.0/Front_CAM/B/P1_003.jpg, 1
/raid/shreyansh_s_ch/datasets/HGM-4/HGM-1.0/Front_CAM/B/P2_004.jpg, 1
/raid/shreyansh_s_ch/datasets/HGM-4/HGM-1.0/Front_CAM/B/P2_003.jpg, 1
/raid/shreyansh_s_ch/datasets/HGM-4/HGM-1.0/Front_CAM/B/P5_006.jpg, 1
/raid/shreyansh_s_ch/datasets/HGM-4/HGM-1.0/Front_CAM/B/P3_007.jpg, 1
/raid/shreyansh_s_ch/datasets/HGM-4/HGM-1.0/Front_CAM/B/P3_006.jpg, 1
/raid/shreyansh_s_ch/datasets/HGM-4/HGM-1.0/Front_CAM/B/P1_007.jpg, 1
/raid/shreyansh_s_ch/datasets/HGM-4/HGM-1.0/Front_CAM/Y/P4_006.jpg, 24
/raid/shreyansh_s_ch/datasets/HGM-4/HGM-1.0/Front_CAM/Y/P3_008.jpg, 24
/raid/shreyansh_s_ch/datasets/HGM-4/HGM-1.0/Front_CAM/Y/P5_008.jpg, 24
/raid/shreyansh_s_ch/datasets/HGM-4/HGM-1.0/Front_CAM/Y/P1_005.jpg, 24
/raid/shreyansh_s_ch/datasets/HGM-4/HGM-1.0/Front_CAM/Y/P1_002.jpg, 24
/raid/shreyansh_s_ch/datasets/HGM-4/HGM-1.0/Front_CAM/Y/P4_004.jpg, 24
/raid/shreyansh_s_ch/datasets/HGM-4/HGM-1.0/Front_CAM/Y/P4_001.jpg, 24
/raid/shreyansh_s_ch/datasets/HGM-4/HGM-1.0/Front_CAM/Y/P2_005.jpg, 24
/raid/shreyansh_s_ch/datasets/HGM-4/HGM-1.0/Front_CAM/Y/P4_005.jpg, 24
/raid/shreyansh_s_ch/datasets/HGM-4/HGM-1.0/Front_CAM/Y/P2_008.jpg, 24
/raid/shreyansh_s_ch/datasets/HGM-4/HGM-1.0/Front_CAM/Y/P2_001.jpg, 24
/raid/shreyansh_s_ch/datasets/HGM-4/HGM-1.0/Front_CAM/Y/P3_003.jpg, 24
/raid/shreyansh_s_ch/datasets/HGM-4/HGM-1.0/Front_CAM/Y/P5_007.jpg, 24
/raid/shreyansh_s_ch/datasets/HGM-4/HGM-1.0/Front_CAM/Y/P4_008.jpg, 24
/raid/shreyansh_s_ch/datasets/HGM-4/HGM-1.0/Front_CAM/Y/P1_004.jpg, 24
/raid/shreyansh_s_ch/datasets/HGM-4/HGM-1.0/Front_CAM/Y/P5_002.jpg, 24
/raid/shreyansh_s_ch/datasets/HGM-4/HGM-1.0/Front_CAM/Y/P1_008.jpg, 24
/raid/shreyansh_s_ch/datasets/HGM-4/HGM-1.0/Front_CAM/Y/P5_003.jpg, 24
/raid/shreyansh_s_ch/datasets/HGM-4/HGM-1.0/Front_CAM/Y/P3_005.jpg, 24
/raid/shreyansh_s_ch/datasets/HGM-4/HGM-1.0/Front_CAM/Y/P2_007.jpg, 24
/raid/shreyansh_s_ch/datasets/HGM-4/HGM-1.0/Front_CAM/Y/P3_002.jpg, 24
/raid/shreyansh_s_ch/datasets/HGM-4/HGM-1.0/Front_CAM/Y/P5_005.jpg, 24
/raid/shreyansh_s_ch/datasets/HGM-4/HGM-1.0/Front_CAM/Y/P4_007.jpg, 24
/raid/shreyansh_s_ch/datasets/HGM-4/HGM-1.0/Front_CAM/Y/P1_001.jpg, 24
/raid/shreyansh_s_ch/datasets/HGM-4/HGM-1.0/Front_CAM/Y/P5_001.jpg, 24
/raid/shreyansh_s_ch/datasets/HGM-4/HGM-1.0/Front_CAM/Y/P3_004.jpg, 24
/raid/shreyansh_s_ch/datasets/HGM-4/HGM-1.0/Front_CAM/Y/P4_002.jpg, 24
/raid/shreyansh_s_ch/datasets/HGM-4/HGM-1.0/Front_CAM/Y/P2_002.jpg, 24
/raid/shreyansh_s_ch/datasets/HGM-4/HGM-1.0/Front_CAM/Y/P5_004.jpg, 24
/raid/shreyansh_s_ch/datasets/HGM-4/HGM-1.0/Front_CAM/Y/P3_001.jpg, 24
/raid/shreyansh_s_ch/datasets/HGM-4/HGM-1.0/Front_CAM/Y/P1_006.jpg, 24
/raid/shreyansh_s_ch/datasets/HGM-4/HGM-1.0/Front_CAM/Y/P4_003.jpg, 24
/raid/shreyansh_s_ch/datasets/HGM-4/HGM-1.0/Front_CAM/Y/P2_006.jpg, 24
/raid/shreyansh_s_ch/datasets/HGM-4/HGM-1.0/Front_CAM/Y/P1_003.jpg, 24
/raid/shreyansh_s_ch/datasets/HGM-4/HGM-1.0/Front_CAM/Y/P2_004.jpg, 24
/raid/shreyansh_s_ch/datasets/HGM-4/HGM-1.0/Front_CAM/Y/P2_003.jpg, 24
/raid/shreyansh_s_ch/datasets/HGM-4/HGM-1.0/Front_CAM/Y/P5_006.jpg, 24
/raid/shreyansh_s_ch/datasets/HGM-4/HGM-1.0/Front_CAM/Y/P3_007.jpg, 24
/raid/shreyansh_s_ch/datasets/HGM-4/HGM-1.0/Front_CAM/Y/P3_006.jpg, 24
/raid/shreyansh_s_ch/datasets/HGM-4/HGM-1.0/Front_CAM/Y/P1_007.jpg, 24
/raid/shreyansh_s_ch/datasets/HGM-4/HGM-1.0/Front_CAM/L/P4_006.jpg, 11
/raid/shreyansh_s_ch/datasets/HGM-4/HGM-1.0/Front_CAM/L/P3_008.jpg, 11
/raid/shreyansh_s_ch/datasets/HGM-4/HGM-1.0/Front_CAM/L/P5_008.jpg, 11
/raid/shreyansh_s_ch/datasets/HGM-4/HGM-1.0/Front_CAM/L/P1_005.jpg, 11
/raid/shreyansh_s_ch/datasets/HGM-4/HGM-1.0/Front_CAM/L/P1_002.jpg, 11
/raid/shreyansh_s_ch/datasets/HGM-4/HGM-1.0/Front_CAM/L/P4_004.jpg, 11
/raid/shreyansh_s_ch/datasets/HGM-4/HGM-1.0/Front_CAM/L/P4_001.jpg, 11
/raid/shreyansh_s_ch/datasets/HGM-4/HGM-1.0/Front_CAM/L/P2_005.jpg, 11
/raid/shreyansh_s_ch/datasets/HGM-4/HGM-1.0/Front_CAM/L/P4_005.jpg, 11
/raid/shreyansh_s_ch/datasets/HGM-4/HGM-1.0/Front_CAM/L/P2_008.jpg, 11
/raid/shreyansh_s_ch/datasets/HGM-4/HGM-1.0/Front_CAM/L/P2_001.jpg, 11
/raid/shreyansh_s_ch/datasets/HGM-4/HGM-1.0/Front_CAM/L/P3_003.jpg, 11
/raid/shreyansh_s_ch/datasets/HGM-4/HGM-1.0/Front_CAM/L/P5_007.jpg, 11
/raid/shreyansh_s_ch/datasets/HGM-4/HGM-1.0/Front_CAM/L/P4_008.jpg, 11
/raid/shreyansh_s_ch/datasets/HGM-4/HGM-1.0/Front_CAM/L/P1_004.jpg, 11
/raid/shreyansh_s_ch/datasets/HGM-4/HGM-1.0/Front_CAM/L/P5_002.jpg, 11
/raid/shreyansh_s_ch/datasets/HGM-4/HGM-1.0/Front_CAM/L/P1_008.jpg, 11
/raid/shreyansh_s_ch/datasets/HGM-4/HGM-1.0/Front_CAM/L/P5_003.jpg, 11
/raid/shreyansh_s_ch/datasets/HGM-4/HGM-1.0/Front_CAM/L/P3_005.jpg, 11
/raid/shreyansh_s_ch/datasets/HGM-4/HGM-1.0/Front_CAM/L/P2_007.jpg, 11
/raid/shreyansh_s_ch/datasets/HGM-4/HGM-1.0/Front_CAM/L/P3_002.jpg, 11
/raid/shreyansh_s_ch/datasets/HGM-4/HGM-1.0/Front_CAM/L/P5_005.jpg, 11
/raid/shreyansh_s_ch/datasets/HGM-4/HGM-1.0/Front_CAM/L/P4_007.jpg, 11
/raid/shreyansh_s_ch/datasets/HGM-4/HGM-1.0/Front_CAM/L/P1_001.jpg, 11
/raid/shreyansh_s_ch/datasets/HGM-4/HGM-1.0/Front_CAM/L/P5_001.jpg, 11
/raid/shreyansh_s_ch/datasets/HGM-4/HGM-1.0/Front_CAM/L/P3_004.jpg, 11
/raid/shreyansh_s_ch/datasets/HGM-4/HGM-1.0/Front_CAM/L/P4_002.jpg, 11
/raid/shreyansh_s_ch/datasets/HGM-4/HGM-1.0/Front_CAM/L/P2_002.jpg, 11
/raid/shreyansh_s_ch/datasets/HGM-4/HGM-1.0/Front_CAM/L/P5_004.jpg, 11
/raid/shreyansh_s_ch/datasets/HGM-4/HGM-1.0/Front_CAM/L/P3_001.jpg, 11
/raid/shreyansh_s_ch/datasets/HGM-4/HGM-1.0/Front_CAM/L/P1_006.jpg, 11
/raid/shreyansh_s_ch/datasets/HGM-4/HGM-1.0/Front_CAM/L/P4_003.jpg, 11
/raid/shreyansh_s_ch/datasets/HGM-4/HGM-1.0/Front_CAM/L/P2_006.jpg, 11
/raid/shreyansh_s_ch/datasets/HGM-4/HGM-1.0/Front_CAM/L/P1_003.jpg, 11
/raid/shreyansh_s_ch/datasets/HGM-4/HGM-1.0/Front_CAM/L/P2_004.jpg, 11
/raid/shreyansh_s_ch/datasets/HGM-4/HGM-1.0/Front_CAM/L/P2_003.jpg, 11
/raid/shreyansh_s_ch/datasets/HGM-4/HGM-1.0/Front_CAM/L/P5_006.jpg, 11
/raid/shreyansh_s_ch/datasets/HGM-4/HGM-1.0/Front_CAM/L/P3_007.jpg, 11
/raid/shreyansh_s_ch/datasets/HGM-4/HGM-1.0/Front_CAM/L/P3_006.jpg, 11
/raid/shreyansh_s_ch/datasets/HGM-4/HGM-1.0/Front_CAM/L/P1_007.jpg, 11
/raid/shreyansh_s_ch/datasets/HGM-4/HGM-1.0/Front_CAM/V/P4_006.jpg, 21
/raid/shreyansh_s_ch/datasets/HGM-4/HGM-1.0/Front_CAM/V/P3_008.jpg, 21
/raid/shreyansh_s_ch/datasets/HGM-4/HGM-1.0/Front_CAM/V/P5_008.jpg, 21
/raid/shreyansh_s_ch/datasets/HGM-4/HGM-1.0/Front_CAM/V/P1_005.jpg, 21
/raid/shreyansh_s_ch/datasets/HGM-4/HGM-1.0/Front_CAM/V/P1_002.jpg, 21
/raid/shreyansh_s_ch/datasets/HGM-4/HGM-1.0/Front_CAM/V/P4_004.jpg, 21
/raid/shreyansh_s_ch/datasets/HGM-4/HGM-1.0/Front_CAM/V/P4_001.jpg, 21
/raid/shreyansh_s_ch/datasets/HGM-4/HGM-1.0/Front_CAM/V/P2_005.jpg, 21
/raid/shreyansh_s_ch/datasets/HGM-4/HGM-1.0/Front_CAM/V/P4_005.jpg, 21
/raid/shreyansh_s_ch/datasets/HGM-4/HGM-1.0/Front_CAM/V/P2_008.jpg, 21
/raid/shreyansh_s_ch/datasets/HGM-4/HGM-1.0/Front_CAM/V/P2_001.jpg, 21
/raid/shreyansh_s_ch/datasets/HGM-4/HGM-1.0/Front_CAM/V/P3_003.jpg, 21
/raid/shreyansh_s_ch/datasets/HGM-4/HGM-1.0/Front_CAM/V/P5_007.jpg, 21
/raid/shreyansh_s_ch/datasets/HGM-4/HGM-1.0/Front_CAM/V/P4_008.jpg, 21
/raid/shreyansh_s_ch/datasets/HGM-4/HGM-1.0/Front_CAM/V/P1_004.jpg, 21
/raid/shreyansh_s_ch/datasets/HGM-4/HGM-1.0/Front_CAM/V/P5_002.jpg, 21
/raid/shreyansh_s_ch/datasets/HGM-4/HGM-1.0/Front_CAM/V/P5_003.jpg, 21
/raid/shreyansh_s_ch/datasets/HGM-4/HGM-1.0/Front_CAM/V/P3_005.jpg, 21
/raid/shreyansh_s_ch/datasets/HGM-4/HGM-1.0/Front_CAM/V/P2_007.jpg, 21
/raid/shreyansh_s_ch/datasets/HGM-4/HGM-1.0/Front_CAM/V/P3_002.jpg, 21
/raid/shreyansh_s_ch/datasets/HGM-4/HGM-1.0/Front_CAM/V/P5_005.jpg, 21
/raid/shreyansh_s_ch/datasets/HGM-4/HGM-1.0/Front_CAM/V/P4_007.jpg, 21
/raid/shreyansh_s_ch/datasets/HGM-4/HGM-1.0/Front_CAM/V/P1_08.jpg, 21
/raid/shreyansh_s_ch/datasets/HGM-4/HGM-1.0/Front_CAM/V/P1_001.jpg, 21
/raid/shreyansh_s_ch/datasets/HGM-4/HGM-1.0/Front_CAM/V/P5_001.jpg, 21
/raid/shreyansh_s_ch/datasets/HGM-4/HGM-1.0/Front_CAM/V/P3_004.jpg, 21
/raid/shreyansh_s_ch/datasets/HGM-4/HGM-1.0/Front_CAM/V/P4_002.jpg, 21
/raid/shreyansh_s_ch/datasets/HGM-4/HGM-1.0/Front_CAM/V/P2_002.jpg, 21
/raid/shreyansh_s_ch/datasets/HGM-4/HGM-1.0/Front_CAM/V/P5_004.jpg, 21
/raid/shreyansh_s_ch/datasets/HGM-4/HGM-1.0/Front_CAM/V/P3_001.jpg, 21
/raid/shreyansh_s_ch/datasets/HGM-4/HGM-1.0/Front_CAM/V/P1_006.jpg, 21
/raid/shreyansh_s_ch/datasets/HGM-4/HGM-1.0/Front_CAM/V/P4_003.jpg, 21
/raid/shreyansh_s_ch/datasets/HGM-4/HGM-1.0/Front_CAM/V/P2_006.jpg, 21
/raid/shreyansh_s_ch/datasets/HGM-4/HGM-1.0/Front_CAM/V/P1_003.jpg, 21
/raid/shreyansh_s_ch/datasets/HGM-4/HGM-1.0/Front_CAM/V/P2_004.jpg, 21
/raid/shreyansh_s_ch/datasets/HGM-4/HGM-1.0/Front_CAM/V/P2_003.jpg, 21
/raid/shreyansh_s_ch/datasets/HGM-4/HGM-1.0/Front_CAM/V/P5_006.jpg, 21
/raid/shreyansh_s_ch/datasets/HGM-4/HGM-1.0/Front_CAM/V/P3_007.jpg, 21
/raid/shreyansh_s_ch/datasets/HGM-4/HGM-1.0/Front_CAM/V/P3_006.jpg, 21
/raid/shreyansh_s_ch/datasets/HGM-4/HGM-1.0/Front_CAM/V/P1_007.jpg, 21
/raid/shreyansh_s_ch/datasets/HGM-4/HGM-1.0/Front_CAM/F/P4_006.jpg, 5
/raid/shreyansh_s_ch/datasets/HGM-4/HGM-1.0/Front_CAM/F/P3_008.jpg, 5
/raid/shreyansh_s_ch/datasets/HGM-4/HGM-1.0/Front_CAM/F/P5_008.jpg, 5
/raid/shreyansh_s_ch/datasets/HGM-4/HGM-1.0/Front_CAM/F/P1_005.jpg, 5
/raid/shreyansh_s_ch/datasets/HGM-4/HGM-1.0/Front_CAM/F/P1_002.jpg, 5
/raid/shreyansh_s_ch/datasets/HGM-4/HGM-1.0/Front_CAM/F/P4_004.jpg, 5
/raid/shreyansh_s_ch/datasets/HGM-4/HGM-1.0/Front_CAM/F/P4_001.jpg, 5
/raid/shreyansh_s_ch/datasets/HGM-4/HGM-1.0/Front_CAM/F/P2_005.jpg, 5
/raid/shreyansh_s_ch/datasets/HGM-4/HGM-1.0/Front_CAM/F/P4_005.jpg, 5
/raid/shreyansh_s_ch/datasets/HGM-4/HGM-1.0/Front_CAM/F/P2_008.jpg, 5
/raid/shreyansh_s_ch/datasets/HGM-4/HGM-1.0/Front_CAM/F/P2_001.jpg, 5
/raid/shreyansh_s_ch/datasets/HGM-4/HGM-1.0/Front_CAM/F/P3_003.jpg, 5
/raid/shreyansh_s_ch/datasets/HGM-4/HGM-1.0/Front_CAM/F/P5_007.jpg, 5
/raid/shreyansh_s_ch/datasets/HGM-4/HGM-1.0/Front_CAM/F/P4_008.jpg, 5
/raid/shreyansh_s_ch/datasets/HGM-4/HGM-1.0/Front_CAM/F/P1_004.jpg, 5
/raid/shreyansh_s_ch/datasets/HGM-4/HGM-1.0/Front_CAM/F/P5_002.jpg, 5
/raid/shreyansh_s_ch/datasets/HGM-4/HGM-1.0/Front_CAM/F/P1_008.jpg, 5
/raid/shreyansh_s_ch/datasets/HGM-4/HGM-1.0/Front_CAM/F/P5_003.jpg, 5
/raid/shreyansh_s_ch/datasets/HGM-4/HGM-1.0/Front_CAM/F/P3_005.jpg, 5
/raid/shreyansh_s_ch/datasets/HGM-4/HGM-1.0/Front_CAM/F/P2_007.jpg, 5
/raid/shreyansh_s_ch/datasets/HGM-4/HGM-1.0/Front_CAM/F/P3_002.jpg, 5
/raid/shreyansh_s_ch/datasets/HGM-4/HGM-1.0/Front_CAM/F/P5_005.jpg, 5
/raid/shreyansh_s_ch/datasets/HGM-4/HGM-1.0/Front_CAM/F/P4_007.jpg, 5
/raid/shreyansh_s_ch/datasets/HGM-4/HGM-1.0/Front_CAM/F/P1_001.jpg, 5
/raid/shreyansh_s_ch/datasets/HGM-4/HGM-1.0/Front_CAM/F/P5_001.jpg, 5
/raid/shreyansh_s_ch/datasets/HGM-4/HGM-1.0/Front_CAM/F/P3_004.jpg, 5
/raid/shreyansh_s_ch/datasets/HGM-4/HGM-1.0/Front_CAM/F/P4_002.jpg, 5
/raid/shreyansh_s_ch/datasets/HGM-4/HGM-1.0/Front_CAM/F/P2_002.jpg, 5
/raid/shreyansh_s_ch/datasets/HGM-4/HGM-1.0/Front_CAM/F/P5_004.jpg, 5
/raid/shreyansh_s_ch/datasets/HGM-4/HGM-1.0/Front_CAM/F/P3_001.jpg, 5
/raid/shreyansh_s_ch/datasets/HGM-4/HGM-1.0/Front_CAM/F/P1_006.jpg, 5
/raid/shreyansh_s_ch/datasets/HGM-4/HGM-1.0/Front_CAM/F/P4_003.jpg, 5
/raid/shreyansh_s_ch/datasets/HGM-4/HGM-1.0/Front_CAM/F/P2_006.jpg, 5
/raid/shreyansh_s_ch/datasets/HGM-4/HGM-1.0/Front_CAM/F/P1_003.jpg, 5
/raid/shreyansh_s_ch/datasets/HGM-4/HGM-1.0/Front_CAM/F/P2_004.jpg, 5
/raid/shreyansh_s_ch/datasets/HGM-4/HGM-1.0/Front_CAM/F/P2_003.jpg, 5
/raid/shreyansh_s_ch/datasets/HGM-4/HGM-1.0/Front_CAM/F/P5_006.jpg, 5
/raid/shreyansh_s_ch/datasets/HGM-4/HGM-1.0/Front_CAM/F/P3_007.jpg, 5
/raid/shreyansh_s_ch/datasets/HGM-4/HGM-1.0/Front_CAM/F/P3_006.jpg, 5
/raid/shreyansh_s_ch/datasets/HGM-4/HGM-1.0/Front_CAM/F/P1_007.jpg, 5
/raid/shreyansh_s_ch/datasets/HGM-4/HGM-1.0/Front_CAM/R/P4_006.jpg, 17
/raid/shreyansh_s_ch/datasets/HGM-4/HGM-1.0/Front_CAM/R/P3_008.jpg, 17
/raid/shreyansh_s_ch/datasets/HGM-4/HGM-1.0/Front_CAM/R/P5_008.jpg, 17
/raid/shreyansh_s_ch/datasets/HGM-4/HGM-1.0/Front_CAM/R/P1_005.jpg, 17
/raid/shreyansh_s_ch/datasets/HGM-4/HGM-1.0/Front_CAM/R/P1_002.jpg, 17
/raid/shreyansh_s_ch/datasets/HGM-4/HGM-1.0/Front_CAM/R/P4_004.jpg, 17
/raid/shreyansh_s_ch/datasets/HGM-4/HGM-1.0/Front_CAM/R/P4_001.jpg, 17
/raid/shreyansh_s_ch/datasets/HGM-4/HGM-1.0/Front_CAM/R/P2_005.jpg, 17
/raid/shreyansh_s_ch/datasets/HGM-4/HGM-1.0/Front_CAM/R/P4_005.jpg, 17
/raid/shreyansh_s_ch/datasets/HGM-4/HGM-1.0/Front_CAM/R/P2_008.jpg, 17
/raid/shreyansh_s_ch/datasets/HGM-4/HGM-1.0/Front_CAM/R/P2_001.jpg, 17
/raid/shreyansh_s_ch/datasets/HGM-4/HGM-1.0/Front_CAM/R/P3_003.jpg, 17
/raid/shreyansh_s_ch/datasets/HGM-4/HGM-1.0/Front_CAM/R/P5_007.jpg, 17
/raid/shreyansh_s_ch/datasets/HGM-4/HGM-1.0/Front_CAM/R/P4_008.jpg, 17
/raid/shreyansh_s_ch/datasets/HGM-4/HGM-1.0/Front_CAM/R/P1_004.jpg, 17
/raid/shreyansh_s_ch/datasets/HGM-4/HGM-1.0/Front_CAM/R/P5_002.jpg, 17
/raid/shreyansh_s_ch/datasets/HGM-4/HGM-1.0/Front_CAM/R/P1_008.jpg, 17
/raid/shreyansh_s_ch/datasets/HGM-4/HGM-1.0/Front_CAM/R/P5_003.jpg, 17
/raid/shreyansh_s_ch/datasets/HGM-4/HGM-1.0/Front_CAM/R/P3_005.jpg, 17
/raid/shreyansh_s_ch/datasets/HGM-4/HGM-1.0/Front_CAM/R/P2_007.jpg, 17
/raid/shreyansh_s_ch/datasets/HGM-4/HGM-1.0/Front_CAM/R/P3_002.jpg, 17
/raid/shreyansh_s_ch/datasets/HGM-4/HGM-1.0/Front_CAM/R/P5_005.jpg, 17
/raid/shreyansh_s_ch/datasets/HGM-4/HGM-1.0/Front_CAM/R/P4_007.jpg, 17
/raid/shreyansh_s_ch/datasets/HGM-4/HGM-1.0/Front_CAM/R/P1_001.jpg, 17
/raid/shreyansh_s_ch/datasets/HGM-4/HGM-1.0/Front_CAM/R/P5_001.jpg, 17
/raid/shreyansh_s_ch/datasets/HGM-4/HGM-1.0/Front_CAM/R/P3_004.jpg, 17
/raid/shreyansh_s_ch/datasets/HGM-4/HGM-1.0/Front_CAM/R/P4_002.jpg, 17
/raid/shreyansh_s_ch/datasets/HGM-4/HGM-1.0/Front_CAM/R/P2_002.jpg, 17
/raid/shreyansh_s_ch/datasets/HGM-4/HGM-1.0/Front_CAM/R/P5_004.jpg, 17
/raid/shreyansh_s_ch/datasets/HGM-4/HGM-1.0/Front_CAM/R/P3_001.jpg, 17
/raid/shreyansh_s_ch/datasets/HGM-4/HGM-1.0/Front_CAM/R/P1_006.jpg, 17
/raid/shreyansh_s_ch/datasets/HGM-4/HGM-1.0/Front_CAM/R/P4_003.jpg, 17
/raid/shreyansh_s_ch/datasets/HGM-4/HGM-1.0/Front_CAM/R/P2_006.jpg, 17
/raid/shreyansh_s_ch/datasets/HGM-4/HGM-1.0/Front_CAM/R/P1_003.jpg, 17
/raid/shreyansh_s_ch/datasets/HGM-4/HGM-1.0/Front_CAM/R/P2_004.jpg, 17
/raid/shreyansh_s_ch/datasets/HGM-4/HGM-1.0/Front_CAM/R/P2_003.jpg, 17
/raid/shreyansh_s_ch/datasets/HGM-4/HGM-1.0/Front_CAM/R/P5_006.jpg, 17
/raid/shreyansh_s_ch/datasets/HGM-4/HGM-1.0/Front_CAM/R/P3_007.jpg, 17
/raid/shreyansh_s_ch/datasets/HGM-4/HGM-1.0/Front_CAM/R/P3_006.jpg, 17
/raid/shreyansh_s_ch/datasets/HGM-4/HGM-1.0/Front_CAM/R/P1_007.jpg, 17
/raid/shreyansh_s_ch/datasets/HGM-4/HGM-1.0/Front_CAM/G/P4_006.jpg, 6
/raid/shreyansh_s_ch/datasets/HGM-4/HGM-1.0/Front_CAM/G/P3_008.jpg, 6
/raid/shreyansh_s_ch/datasets/HGM-4/HGM-1.0/Front_CAM/G/P5_008.jpg, 6
/raid/shreyansh_s_ch/datasets/HGM-4/HGM-1.0/Front_CAM/G/P1_005.jpg, 6
/raid/shreyansh_s_ch/datasets/HGM-4/HGM-1.0/Front_CAM/G/P1_002.jpg, 6
/raid/shreyansh_s_ch/datasets/HGM-4/HGM-1.0/Front_CAM/G/P4_004.jpg, 6
/raid/shreyansh_s_ch/datasets/HGM-4/HGM-1.0/Front_CAM/G/P4_001.jpg, 6
/raid/shreyansh_s_ch/datasets/HGM-4/HGM-1.0/Front_CAM/G/P2_005.jpg, 6
/raid/shreyansh_s_ch/datasets/HGM-4/HGM-1.0/Front_CAM/G/P4_005.jpg, 6
/raid/shreyansh_s_ch/datasets/HGM-4/HGM-1.0/Front_CAM/G/P2_008.jpg, 6
/raid/shreyansh_s_ch/datasets/HGM-4/HGM-1.0/Front_CAM/G/P2_001.jpg, 6
/raid/shreyansh_s_ch/datasets/HGM-4/HGM-1.0/Front_CAM/G/P3_003.jpg, 6
/raid/shreyansh_s_ch/datasets/HGM-4/HGM-1.0/Front_CAM/G/P5_007.jpg, 6
/raid/shreyansh_s_ch/datasets/HGM-4/HGM-1.0/Front_CAM/G/P4_008.jpg, 6
/raid/shreyansh_s_ch/datasets/HGM-4/HGM-1.0/Front_CAM/G/P1_004.jpg, 6
/raid/shreyansh_s_ch/datasets/HGM-4/HGM-1.0/Front_CAM/G/P5_002.jpg, 6
/raid/shreyansh_s_ch/datasets/HGM-4/HGM-1.0/Front_CAM/G/P1_008.jpg, 6
/raid/shreyansh_s_ch/datasets/HGM-4/HGM-1.0/Front_CAM/G/P5_003.jpg, 6
/raid/shreyansh_s_ch/datasets/HGM-4/HGM-1.0/Front_CAM/G/P3_005.jpg, 6
/raid/shreyansh_s_ch/datasets/HGM-4/HGM-1.0/Front_CAM/G/P2_007.jpg, 6
/raid/shreyansh_s_ch/datasets/HGM-4/HGM-1.0/Front_CAM/G/P3_002.jpg, 6
/raid/shreyansh_s_ch/datasets/HGM-4/HGM-1.0/Front_CAM/G/P5_005.jpg, 6
/raid/shreyansh_s_ch/datasets/HGM-4/HGM-1.0/Front_CAM/G/P4_007.jpg, 6
/raid/shreyansh_s_ch/datasets/HGM-4/HGM-1.0/Front_CAM/G/P1_001.jpg, 6
/raid/shreyansh_s_ch/datasets/HGM-4/HGM-1.0/Front_CAM/G/P5_001.jpg, 6
/raid/shreyansh_s_ch/datasets/HGM-4/HGM-1.0/Front_CAM/G/P3_004.jpg, 6
/raid/shreyansh_s_ch/datasets/HGM-4/HGM-1.0/Front_CAM/G/P4_002.jpg, 6
/raid/shreyansh_s_ch/datasets/HGM-4/HGM-1.0/Front_CAM/G/P2_002.jpg, 6
/raid/shreyansh_s_ch/datasets/HGM-4/HGM-1.0/Front_CAM/G/P5_004.jpg, 6
/raid/shreyansh_s_ch/datasets/HGM-4/HGM-1.0/Front_CAM/G/P3_001.jpg, 6
/raid/shreyansh_s_ch/datasets/HGM-4/HGM-1.0/Front_CAM/G/P1_006.jpg, 6
/raid/shreyansh_s_ch/datasets/HGM-4/HGM-1.0/Front_CAM/G/P4_003.jpg, 6
/raid/shreyansh_s_ch/datasets/HGM-4/HGM-1.0/Front_CAM/G/P2_006.jpg, 6
/raid/shreyansh_s_ch/datasets/HGM-4/HGM-1.0/Front_CAM/G/P1_003.jpg, 6
/raid/shreyansh_s_ch/datasets/HGM-4/HGM-1.0/Front_CAM/G/P2_004.jpg, 6
/raid/shreyansh_s_ch/datasets/HGM-4/HGM-1.0/Front_CAM/G/P2_003.jpg, 6
/raid/shreyansh_s_ch/datasets/HGM-4/HGM-1.0/Front_CAM/G/P5_006.jpg, 6
/raid/shreyansh_s_ch/datasets/HGM-4/HGM-1.0/Front_CAM/G/P3_007.jpg, 6
/raid/shreyansh_s_ch/datasets/HGM-4/HGM-1.0/Front_CAM/G/P3_006.jpg, 6
/raid/shreyansh_s_ch/datasets/HGM-4/HGM-1.0/Front_CAM/G/P1_007.jpg, 6
/raid/shreyansh_s_ch/datasets/HGM-4/HGM-1.0/Front_CAM/E/P4_006.jpg, 4
/raid/shreyansh_s_ch/datasets/HGM-4/HGM-1.0/Front_CAM/E/P3_008.jpg, 4
/raid/shreyansh_s_ch/datasets/HGM-4/HGM-1.0/Front_CAM/E/P5_008.jpg, 4
/raid/shreyansh_s_ch/datasets/HGM-4/HGM-1.0/Front_CAM/E/P1_005.jpg, 4
/raid/shreyansh_s_ch/datasets/HGM-4/HGM-1.0/Front_CAM/E/P1_002.jpg, 4
/raid/shreyansh_s_ch/datasets/HGM-4/HGM-1.0/Front_CAM/E/P4_004.jpg, 4
/raid/shreyansh_s_ch/datasets/HGM-4/HGM-1.0/Front_CAM/E/P4_001.jpg, 4
/raid/shreyansh_s_ch/datasets/HGM-4/HGM-1.0/Front_CAM/E/P2_005.jpg, 4
/raid/shreyansh_s_ch/datasets/HGM-4/HGM-1.0/Front_CAM/E/P4_005.jpg, 4
/raid/shreyansh_s_ch/datasets/HGM-4/HGM-1.0/Front_CAM/E/P2_008.jpg, 4
/raid/shreyansh_s_ch/datasets/HGM-4/HGM-1.0/Front_CAM/E/P2_001.jpg, 4
/raid/shreyansh_s_ch/datasets/HGM-4/HGM-1.0/Front_CAM/E/P3_003.jpg, 4
/raid/shreyansh_s_ch/datasets/HGM-4/HGM-1.0/Front_CAM/E/P5_007.jpg, 4
/raid/shreyansh_s_ch/datasets/HGM-4/HGM-1.0/Front_CAM/E/P4_008.jpg, 4
/raid/shreyansh_s_ch/datasets/HGM-4/HGM-1.0/Front_CAM/E/P1_004.jpg, 4
/raid/shreyansh_s_ch/datasets/HGM-4/HGM-1.0/Front_CAM/E/P5_002.jpg, 4
/raid/shreyansh_s_ch/datasets/HGM-4/HGM-1.0/Front_CAM/E/P1_008.jpg, 4
/raid/shreyansh_s_ch/datasets/HGM-4/HGM-1.0/Front_CAM/E/P5_003.jpg, 4
/raid/shreyansh_s_ch/datasets/HGM-4/HGM-1.0/Front_CAM/E/P3_005.jpg, 4
/raid/shreyansh_s_ch/datasets/HGM-4/HGM-1.0/Front_CAM/E/P2_007.jpg, 4
/raid/shreyansh_s_ch/datasets/HGM-4/HGM-1.0/Front_CAM/E/P3_002.jpg, 4
/raid/shreyansh_s_ch/datasets/HGM-4/HGM-1.0/Front_CAM/E/P5_005.jpg, 4
/raid/shreyansh_s_ch/datasets/HGM-4/HGM-1.0/Front_CAM/E/P4_007.jpg, 4
/raid/shreyansh_s_ch/datasets/HGM-4/HGM-1.0/Front_CAM/E/P1_001.jpg, 4
/raid/shreyansh_s_ch/datasets/HGM-4/HGM-1.0/Front_CAM/E/P5_001.jpg, 4
/raid/shreyansh_s_ch/datasets/HGM-4/HGM-1.0/Front_CAM/E/P3_004.jpg, 4
/raid/shreyansh_s_ch/datasets/HGM-4/HGM-1.0/Front_CAM/E/P4_002.jpg, 4
/raid/shreyansh_s_ch/datasets/HGM-4/HGM-1.0/Front_CAM/E/P2_002.jpg, 4
/raid/shreyansh_s_ch/datasets/HGM-4/HGM-1.0/Front_CAM/E/P5_004.jpg, 4
/raid/shreyansh_s_ch/datasets/HGM-4/HGM-1.0/Front_CAM/E/P3_001.jpg, 4
/raid/shreyansh_s_ch/datasets/HGM-4/HGM-1.0/Front_CAM/E/P1_006.jpg, 4
/raid/shreyansh_s_ch/datasets/HGM-4/HGM-1.0/Front_CAM/E/P4_003.jpg, 4
/raid/shreyansh_s_ch/datasets/HGM-4/HGM-1.0/Front_CAM/E/P2_006.jpg, 4
/raid/shreyansh_s_ch/datasets/HGM-4/HGM-1.0/Front_CAM/E/P1_003.jpg, 4
/raid/shreyansh_s_ch/datasets/HGM-4/HGM-1.0/Front_CAM/E/P2_004.jpg, 4
/raid/shreyansh_s_ch/datasets/HGM-4/HGM-1.0/Front_CAM/E/P2_003.jpg, 4
/raid/shreyansh_s_ch/datasets/HGM-4/HGM-1.0/Front_CAM/E/P5_006.jpg, 4
/raid/shreyansh_s_ch/datasets/HGM-4/HGM-1.0/Front_CAM/E/P3_007.jpg, 4
/raid/shreyansh_s_ch/datasets/HGM-4/HGM-1.0/Front_CAM/E/P3_006.jpg, 4
/raid/shreyansh_s_ch/datasets/HGM-4/HGM-1.0/Front_CAM/E/P1_007.jpg, 4
/raid/shreyansh_s_ch/datasets/HGM-4/HGM-1.0/Front_CAM/X/P4_006.jpg, 23
/raid/shreyansh_s_ch/datasets/HGM-4/HGM-1.0/Front_CAM/X/P3_008.jpg, 23
/raid/shreyansh_s_ch/datasets/HGM-4/HGM-1.0/Front_CAM/X/P5_008.jpg, 23
/raid/shreyansh_s_ch/datasets/HGM-4/HGM-1.0/Front_CAM/X/P1_005.jpg, 23
/raid/shreyansh_s_ch/datasets/HGM-4/HGM-1.0/Front_CAM/X/P1_002.jpg, 23
/raid/shreyansh_s_ch/datasets/HGM-4/HGM-1.0/Front_CAM/X/P4_004.jpg, 23
/raid/shreyansh_s_ch/datasets/HGM-4/HGM-1.0/Front_CAM/X/P4_001.jpg, 23
/raid/shreyansh_s_ch/datasets/HGM-4/HGM-1.0/Front_CAM/X/P2_005.jpg, 23
/raid/shreyansh_s_ch/datasets/HGM-4/HGM-1.0/Front_CAM/X/P4_005.jpg, 23
/raid/shreyansh_s_ch/datasets/HGM-4/HGM-1.0/Front_CAM/X/P2_008.jpg, 23
/raid/shreyansh_s_ch/datasets/HGM-4/HGM-1.0/Front_CAM/X/P2_001.jpg, 23
/raid/shreyansh_s_ch/datasets/HGM-4/HGM-1.0/Front_CAM/X/P3_003.jpg, 23
/raid/shreyansh_s_ch/datasets/HGM-4/HGM-1.0/Front_CAM/X/P5_007.jpg, 23
/raid/shreyansh_s_ch/datasets/HGM-4/HGM-1.0/Front_CAM/X/P4_008.jpg, 23
/raid/shreyansh_s_ch/datasets/HGM-4/HGM-1.0/Front_CAM/X/P1_004.jpg, 23
/raid/shreyansh_s_ch/datasets/HGM-4/HGM-1.0/Front_CAM/X/P5_002.jpg, 23
/raid/shreyansh_s_ch/datasets/HGM-4/HGM-1.0/Front_CAM/X/P5_003.jpg, 23
/raid/shreyansh_s_ch/datasets/HGM-4/HGM-1.0/Front_CAM/X/P3_005.jpg, 23
/raid/shreyansh_s_ch/datasets/HGM-4/HGM-1.0/Front_CAM/X/P2_007.jpg, 23
/raid/shreyansh_s_ch/datasets/HGM-4/HGM-1.0/Front_CAM/X/P4_010.jpg, 23
/raid/shreyansh_s_ch/datasets/HGM-4/HGM-1.0/Front_CAM/X/P3_002.jpg, 23
/raid/shreyansh_s_ch/datasets/HGM-4/HGM-1.0/Front_CAM/X/P5_005.jpg, 23
/raid/shreyansh_s_ch/datasets/HGM-4/HGM-1.0/Front_CAM/X/P4_007.jpg, 23
/raid/shreyansh_s_ch/datasets/HGM-4/HGM-1.0/Front_CAM/X/P1_001.jpg, 23
/raid/shreyansh_s_ch/datasets/HGM-4/HGM-1.0/Front_CAM/X/P5_001.jpg, 23
/raid/shreyansh_s_ch/datasets/HGM-4/HGM-1.0/Front_CAM/X/P3_004.jpg, 23
/raid/shreyansh_s_ch/datasets/HGM-4/HGM-1.0/Front_CAM/X/P4_002.jpg, 23
/raid/shreyansh_s_ch/datasets/HGM-4/HGM-1.0/Front_CAM/X/P2_002.jpg, 23
/raid/shreyansh_s_ch/datasets/HGM-4/HGM-1.0/Front_CAM/X/P5_004.jpg, 23
/raid/shreyansh_s_ch/datasets/HGM-4/HGM-1.0/Front_CAM/X/P3_001.jpg, 23
/raid/shreyansh_s_ch/datasets/HGM-4/HGM-1.0/Front_CAM/X/P1_006.jpg, 23
/raid/shreyansh_s_ch/datasets/HGM-4/HGM-1.0/Front_CAM/X/P4_003.jpg, 23
/raid/shreyansh_s_ch/datasets/HGM-4/HGM-1.0/Front_CAM/X/P2_006.jpg, 23
/raid/shreyansh_s_ch/datasets/HGM-4/HGM-1.0/Front_CAM/X/P1_003.jpg, 23
/raid/shreyansh_s_ch/datasets/HGM-4/HGM-1.0/Front_CAM/X/P2_004.jpg, 23
/raid/shreyansh_s_ch/datasets/HGM-4/HGM-1.0/Front_CAM/X/P2_003.jpg, 23
/raid/shreyansh_s_ch/datasets/HGM-4/HGM-1.0/Front_CAM/X/P5_006.jpg, 23
/raid/shreyansh_s_ch/datasets/HGM-4/HGM-1.0/Front_CAM/X/P3_007.jpg, 23
/raid/shreyansh_s_ch/datasets/HGM-4/HGM-1.0/Front_CAM/X/P3_006.jpg, 23
/raid/shreyansh_s_ch/datasets/HGM-4/HGM-1.0/Front_CAM/X/P1_007.jpg, 23
/raid/shreyansh_s_ch/datasets/HGM-4/HGM-1.0/Front_CAM/H/P4_006.jpg, 7
/raid/shreyansh_s_ch/datasets/HGM-4/HGM-1.0/Front_CAM/H/P3_008.jpg, 7
/raid/shreyansh_s_ch/datasets/HGM-4/HGM-1.0/Front_CAM/H/P5_008.jpg, 7
/raid/shreyansh_s_ch/datasets/HGM-4/HGM-1.0/Front_CAM/H/P1_005.jpg, 7
/raid/shreyansh_s_ch/datasets/HGM-4/HGM-1.0/Front_CAM/H/P1_002.jpg, 7
/raid/shreyansh_s_ch/datasets/HGM-4/HGM-1.0/Front_CAM/H/P4_004.jpg, 7
/raid/shreyansh_s_ch/datasets/HGM-4/HGM-1.0/Front_CAM/H/P4_001.jpg, 7
/raid/shreyansh_s_ch/datasets/HGM-4/HGM-1.0/Front_CAM/H/P2_005.jpg, 7
/raid/shreyansh_s_ch/datasets/HGM-4/HGM-1.0/Front_CAM/H/P4_005.jpg, 7
/raid/shreyansh_s_ch/datasets/HGM-4/HGM-1.0/Front_CAM/H/P2_001.jpg, 7
/raid/shreyansh_s_ch/datasets/HGM-4/HGM-1.0/Front_CAM/H/P3_003.jpg, 7
/raid/shreyansh_s_ch/datasets/HGM-4/HGM-1.0/Front_CAM/H/P5_007.jpg, 7
/raid/shreyansh_s_ch/datasets/HGM-4/HGM-1.0/Front_CAM/H/P4_008.jpg, 7
/raid/shreyansh_s_ch/datasets/HGM-4/HGM-1.0/Front_CAM/H/P1_004.jpg, 7
/raid/shreyansh_s_ch/datasets/HGM-4/HGM-1.0/Front_CAM/H/P3_009.jpg, 7
/raid/shreyansh_s_ch/datasets/HGM-4/HGM-1.0/Front_CAM/H/P5_002.jpg, 7
/raid/shreyansh_s_ch/datasets/HGM-4/HGM-1.0/Front_CAM/H/P1_008.jpg, 7
/raid/shreyansh_s_ch/datasets/HGM-4/HGM-1.0/Front_CAM/H/P5_003.jpg, 7
/raid/shreyansh_s_ch/datasets/HGM-4/HGM-1.0/Front_CAM/H/P3_005.jpg, 7
/raid/shreyansh_s_ch/datasets/HGM-4/HGM-1.0/Front_CAM/H/P2_007.jpg, 7
/raid/shreyansh_s_ch/datasets/HGM-4/HGM-1.0/Front_CAM/H/P3_002.jpg, 7
/raid/shreyansh_s_ch/datasets/HGM-4/HGM-1.0/Front_CAM/H/P5_005.jpg, 7
/raid/shreyansh_s_ch/datasets/HGM-4/HGM-1.0/Front_CAM/H/P4_007.jpg, 7
/raid/shreyansh_s_ch/datasets/HGM-4/HGM-1.0/Front_CAM/H/P1_001.jpg, 7
/raid/shreyansh_s_ch/datasets/HGM-4/HGM-1.0/Front_CAM/H/P5_001.jpg, 7
/raid/shreyansh_s_ch/datasets/HGM-4/HGM-1.0/Front_CAM/H/P3_004.jpg, 7
/raid/shreyansh_s_ch/datasets/HGM-4/HGM-1.0/Front_CAM/H/P4_002.jpg, 7
/raid/shreyansh_s_ch/datasets/HGM-4/HGM-1.0/Front_CAM/H/P2_002.jpg, 7
/raid/shreyansh_s_ch/datasets/HGM-4/HGM-1.0/Front_CAM/H/P5_004.jpg, 7
/raid/shreyansh_s_ch/datasets/HGM-4/HGM-1.0/Front_CAM/H/P3_001.jpg, 7
/raid/shreyansh_s_ch/datasets/HGM-4/HGM-1.0/Front_CAM/H/P1_006.jpg, 7
/raid/shreyansh_s_ch/datasets/HGM-4/HGM-1.0/Front_CAM/H/P4_003.jpg, 7
/raid/shreyansh_s_ch/datasets/HGM-4/HGM-1.0/Front_CAM/H/P2_006.jpg, 7
/raid/shreyansh_s_ch/datasets/HGM-4/HGM-1.0/Front_CAM/H/P1_003.jpg, 7
/raid/shreyansh_s_ch/datasets/HGM-4/HGM-1.0/Front_CAM/H/P2_004.jpg, 7
/raid/shreyansh_s_ch/datasets/HGM-4/HGM-1.0/Front_CAM/H/P2_003.jpg, 7
/raid/shreyansh_s_ch/datasets/HGM-4/HGM-1.0/Front_CAM/H/P5_006.jpg, 7
/raid/shreyansh_s_ch/datasets/HGM-4/HGM-1.0/Front_CAM/H/P3_007.jpg, 7
/raid/shreyansh_s_ch/datasets/HGM-4/HGM-1.0/Front_CAM/H/P3_006.jpg, 7
/raid/shreyansh_s_ch/datasets/HGM-4/HGM-1.0/Front_CAM/H/P1_007.jpg, 7
/raid/shreyansh_s_ch/datasets/HGM-4/HGM-1.0/Front_CAM/C/P4_006.jpg, 2
/raid/shreyansh_s_ch/datasets/HGM-4/HGM-1.0/Front_CAM/C/P3_008.jpg, 2
/raid/shreyansh_s_ch/datasets/HGM-4/HGM-1.0/Front_CAM/C/P5_008.jpg, 2
/raid/shreyansh_s_ch/datasets/HGM-4/HGM-1.0/Front_CAM/C/P1_005.jpg, 2
/raid/shreyansh_s_ch/datasets/HGM-4/HGM-1.0/Front_CAM/C/P1_002.jpg, 2
/raid/shreyansh_s_ch/datasets/HGM-4/HGM-1.0/Front_CAM/C/P4_004.jpg, 2
/raid/shreyansh_s_ch/datasets/HGM-4/HGM-1.0/Front_CAM/C/P4_001.jpg, 2
/raid/shreyansh_s_ch/datasets/HGM-4/HGM-1.0/Front_CAM/C/P2_005.jpg, 2
/raid/shreyansh_s_ch/datasets/HGM-4/HGM-1.0/Front_CAM/C/P4_005.jpg, 2
/raid/shreyansh_s_ch/datasets/HGM-4/HGM-1.0/Front_CAM/C/P2_008.jpg, 2
/raid/shreyansh_s_ch/datasets/HGM-4/HGM-1.0/Front_CAM/C/P2_001.jpg, 2
/raid/shreyansh_s_ch/datasets/HGM-4/HGM-1.0/Front_CAM/C/P3_003.jpg, 2
/raid/shreyansh_s_ch/datasets/HGM-4/HGM-1.0/Front_CAM/C/P5_007.jpg, 2
/raid/shreyansh_s_ch/datasets/HGM-4/HGM-1.0/Front_CAM/C/P4_008.jpg, 2
/raid/shreyansh_s_ch/datasets/HGM-4/HGM-1.0/Front_CAM/C/P1_004.jpg, 2
/raid/shreyansh_s_ch/datasets/HGM-4/HGM-1.0/Front_CAM/C/P5_002.jpg, 2
/raid/shreyansh_s_ch/datasets/HGM-4/HGM-1.0/Front_CAM/C/P5_003.jpg, 2
/raid/shreyansh_s_ch/datasets/HGM-4/HGM-1.0/Front_CAM/C/P3_005.jpg, 2
/raid/shreyansh_s_ch/datasets/HGM-4/HGM-1.0/Front_CAM/C/P2_007.jpg, 2
/raid/shreyansh_s_ch/datasets/HGM-4/HGM-1.0/Front_CAM/C/P3_002.jpg, 2
/raid/shreyansh_s_ch/datasets/HGM-4/HGM-1.0/Front_CAM/C/P5_005.jpg, 2
/raid/shreyansh_s_ch/datasets/HGM-4/HGM-1.0/Front_CAM/C/P4_007.jpg, 2
/raid/shreyansh_s_ch/datasets/HGM-4/HGM-1.0/Front_CAM/C/P1_001.jpg, 2
/raid/shreyansh_s_ch/datasets/HGM-4/HGM-1.0/Front_CAM/C/P5_001.jpg, 2
/raid/shreyansh_s_ch/datasets/HGM-4/HGM-1.0/Front_CAM/C/P3_004.jpg, 2
/raid/shreyansh_s_ch/datasets/HGM-4/HGM-1.0/Front_CAM/C/P4_002.jpg, 2
/raid/shreyansh_s_ch/datasets/HGM-4/HGM-1.0/Front_CAM/C/P2_002.jpg, 2
/raid/shreyansh_s_ch/datasets/HGM-4/HGM-1.0/Front_CAM/C/P5_004.jpg, 2
/raid/shreyansh_s_ch/datasets/HGM-4/HGM-1.0/Front_CAM/C/P3_001.jpg, 2
/raid/shreyansh_s_ch/datasets/HGM-4/HGM-1.0/Front_CAM/C/P1_006.jpg, 2
/raid/shreyansh_s_ch/datasets/HGM-4/HGM-1.0/Front_CAM/C/P4_003.jpg, 2
/raid/shreyansh_s_ch/datasets/HGM-4/HGM-1.0/Front_CAM/C/P2_006.jpg, 2
/raid/shreyansh_s_ch/datasets/HGM-4/HGM-1.0/Front_CAM/C/P1_003.jpg, 2
/raid/shreyansh_s_ch/datasets/HGM-4/HGM-1.0/Front_CAM/C/P5_009.jpg, 2
/raid/shreyansh_s_ch/datasets/HGM-4/HGM-1.0/Front_CAM/C/P2_004.jpg, 2
/raid/shreyansh_s_ch/datasets/HGM-4/HGM-1.0/Front_CAM/C/P2_003.jpg, 2
/raid/shreyansh_s_ch/datasets/HGM-4/HGM-1.0/Front_CAM/C/P5_006.jpg, 2
/raid/shreyansh_s_ch/datasets/HGM-4/HGM-1.0/Front_CAM/C/P3_007.jpg, 2
/raid/shreyansh_s_ch/datasets/HGM-4/HGM-1.0/Front_CAM/C/P3_006.jpg, 2
/raid/shreyansh_s_ch/datasets/HGM-4/HGM-1.0/Front_CAM/C/P1_007.jpg, 2
/raid/shreyansh_s_ch/datasets/HGM-4/HGM-1.0/Front_CAM/T/P4_006.jpg, 19
/raid/shreyansh_s_ch/datasets/HGM-4/HGM-1.0/Front_CAM/T/P3_008.jpg, 19
/raid/shreyansh_s_ch/datasets/HGM-4/HGM-1.0/Front_CAM/T/P5_008.jpg, 19
/raid/shreyansh_s_ch/datasets/HGM-4/HGM-1.0/Front_CAM/T/P1_005.jpg, 19
/raid/shreyansh_s_ch/datasets/HGM-4/HGM-1.0/Front_CAM/T/P1_002.jpg, 19
/raid/shreyansh_s_ch/datasets/HGM-4/HGM-1.0/Front_CAM/T/P4_004.jpg, 19
/raid/shreyansh_s_ch/datasets/HGM-4/HGM-1.0/Front_CAM/T/P4_001.jpg, 19
/raid/shreyansh_s_ch/datasets/HGM-4/HGM-1.0/Front_CAM/T/P2_005.jpg, 19
/raid/shreyansh_s_ch/datasets/HGM-4/HGM-1.0/Front_CAM/T/P4_005.jpg, 19
/raid/shreyansh_s_ch/datasets/HGM-4/HGM-1.0/Front_CAM/T/P2_008.jpg, 19
/raid/shreyansh_s_ch/datasets/HGM-4/HGM-1.0/Front_CAM/T/P2_001.jpg, 19
/raid/shreyansh_s_ch/datasets/HGM-4/HGM-1.0/Front_CAM/T/P3_003.jpg, 19
/raid/shreyansh_s_ch/datasets/HGM-4/HGM-1.0/Front_CAM/T/P5_007.jpg, 19
/raid/shreyansh_s_ch/datasets/HGM-4/HGM-1.0/Front_CAM/T/P4_008.jpg, 19
/raid/shreyansh_s_ch/datasets/HGM-4/HGM-1.0/Front_CAM/T/P1_004.jpg, 19
/raid/shreyansh_s_ch/datasets/HGM-4/HGM-1.0/Front_CAM/T/P5_002.jpg, 19
/raid/shreyansh_s_ch/datasets/HGM-4/HGM-1.0/Front_CAM/T/P1_008.jpg, 19
/raid/shreyansh_s_ch/datasets/HGM-4/HGM-1.0/Front_CAM/T/P5_003.jpg, 19
/raid/shreyansh_s_ch/datasets/HGM-4/HGM-1.0/Front_CAM/T/P3_005.jpg, 19
/raid/shreyansh_s_ch/datasets/HGM-4/HGM-1.0/Front_CAM/T/P2_007.jpg, 19
/raid/shreyansh_s_ch/datasets/HGM-4/HGM-1.0/Front_CAM/T/P3_002.jpg, 19
/raid/shreyansh_s_ch/datasets/HGM-4/HGM-1.0/Front_CAM/T/P5_005.jpg, 19
/raid/shreyansh_s_ch/datasets/HGM-4/HGM-1.0/Front_CAM/T/P4_007.jpg, 19
/raid/shreyansh_s_ch/datasets/HGM-4/HGM-1.0/Front_CAM/T/P1_001.jpg, 19
/raid/shreyansh_s_ch/datasets/HGM-4/HGM-1.0/Front_CAM/T/P5_001.jpg, 19
/raid/shreyansh_s_ch/datasets/HGM-4/HGM-1.0/Front_CAM/T/P3_004.jpg, 19
/raid/shreyansh_s_ch/datasets/HGM-4/HGM-1.0/Front_CAM/T/P4_002.jpg, 19
/raid/shreyansh_s_ch/datasets/HGM-4/HGM-1.0/Front_CAM/T/P2_002.jpg, 19
/raid/shreyansh_s_ch/datasets/HGM-4/HGM-1.0/Front_CAM/T/P5_004.jpg, 19
/raid/shreyansh_s_ch/datasets/HGM-4/HGM-1.0/Front_CAM/T/P3_001.jpg, 19
/raid/shreyansh_s_ch/datasets/HGM-4/HGM-1.0/Front_CAM/T/P1_006.jpg, 19
/raid/shreyansh_s_ch/datasets/HGM-4/HGM-1.0/Front_CAM/T/P4_003.jpg, 19
/raid/shreyansh_s_ch/datasets/HGM-4/HGM-1.0/Front_CAM/T/P2_006.jpg, 19
/raid/shreyansh_s_ch/datasets/HGM-4/HGM-1.0/Front_CAM/T/P1_003.jpg, 19
/raid/shreyansh_s_ch/datasets/HGM-4/HGM-1.0/Front_CAM/T/P2_004.jpg, 19
/raid/shreyansh_s_ch/datasets/HGM-4/HGM-1.0/Front_CAM/T/P2_003.jpg, 19
/raid/shreyansh_s_ch/datasets/HGM-4/HGM-1.0/Front_CAM/T/P5_006.jpg, 19
/raid/shreyansh_s_ch/datasets/HGM-4/HGM-1.0/Front_CAM/T/P3_007.jpg, 19
/raid/shreyansh_s_ch/datasets/HGM-4/HGM-1.0/Front_CAM/T/P3_006.jpg, 19
/raid/shreyansh_s_ch/datasets/HGM-4/HGM-1.0/Front_CAM/T/P1_007.jpg, 19
/raid/shreyansh_s_ch/datasets/HGM-4/HGM-1.0/Front_CAM/J/P4_006.jpg, 9
/raid/shreyansh_s_ch/datasets/HGM-4/HGM-1.0/Front_CAM/J/P3_008.jpg, 9
/raid/shreyansh_s_ch/datasets/HGM-4/HGM-1.0/Front_CAM/J/P5_008.jpg, 9
/raid/shreyansh_s_ch/datasets/HGM-4/HGM-1.0/Front_CAM/J/P1_005.jpg, 9
/raid/shreyansh_s_ch/datasets/HGM-4/HGM-1.0/Front_CAM/J/P1_002.jpg, 9
/raid/shreyansh_s_ch/datasets/HGM-4/HGM-1.0/Front_CAM/J/P4_004.jpg, 9
/raid/shreyansh_s_ch/datasets/HGM-4/HGM-1.0/Front_CAM/J/P4_001.jpg, 9
/raid/shreyansh_s_ch/datasets/HGM-4/HGM-1.0/Front_CAM/J/P2_005.jpg, 9
/raid/shreyansh_s_ch/datasets/HGM-4/HGM-1.0/Front_CAM/J/P4_005.jpg, 9
/raid/shreyansh_s_ch/datasets/HGM-4/HGM-1.0/Front_CAM/J/P2_008.jpg, 9
/raid/shreyansh_s_ch/datasets/HGM-4/HGM-1.0/Front_CAM/J/P2_001.jpg, 9
/raid/shreyansh_s_ch/datasets/HGM-4/HGM-1.0/Front_CAM/J/P3_003.jpg, 9
/raid/shreyansh_s_ch/datasets/HGM-4/HGM-1.0/Front_CAM/J/P5_007.jpg, 9
/raid/shreyansh_s_ch/datasets/HGM-4/HGM-1.0/Front_CAM/J/P4_008.jpg, 9
/raid/shreyansh_s_ch/datasets/HGM-4/HGM-1.0/Front_CAM/J/P1_004.jpg, 9
/raid/shreyansh_s_ch/datasets/HGM-4/HGM-1.0/Front_CAM/J/P5_002.jpg, 9
/raid/shreyansh_s_ch/datasets/HGM-4/HGM-1.0/Front_CAM/J/P1_008.jpg, 9
/raid/shreyansh_s_ch/datasets/HGM-4/HGM-1.0/Front_CAM/J/P5_003.jpg, 9
/raid/shreyansh_s_ch/datasets/HGM-4/HGM-1.0/Front_CAM/J/P3_005.jpg, 9
/raid/shreyansh_s_ch/datasets/HGM-4/HGM-1.0/Front_CAM/J/P2_007.jpg, 9
/raid/shreyansh_s_ch/datasets/HGM-4/HGM-1.0/Front_CAM/J/P3_002.jpg, 9
/raid/shreyansh_s_ch/datasets/HGM-4/HGM-1.0/Front_CAM/J/P5_005.jpg, 9
/raid/shreyansh_s_ch/datasets/HGM-4/HGM-1.0/Front_CAM/J/P4_007.jpg, 9
/raid/shreyansh_s_ch/datasets/HGM-4/HGM-1.0/Front_CAM/J/P1_001.jpg, 9
/raid/shreyansh_s_ch/datasets/HGM-4/HGM-1.0/Front_CAM/J/P5_001.jpg, 9
/raid/shreyansh_s_ch/datasets/HGM-4/HGM-1.0/Front_CAM/J/P3_004.jpg, 9
/raid/shreyansh_s_ch/datasets/HGM-4/HGM-1.0/Front_CAM/J/P4_002.jpg, 9
/raid/shreyansh_s_ch/datasets/HGM-4/HGM-1.0/Front_CAM/J/P2_002.jpg, 9
/raid/shreyansh_s_ch/datasets/HGM-4/HGM-1.0/Front_CAM/J/P5_004.jpg, 9
/raid/shreyansh_s_ch/datasets/HGM-4/HGM-1.0/Front_CAM/J/P3_001.jpg, 9
/raid/shreyansh_s_ch/datasets/HGM-4/HGM-1.0/Front_CAM/J/P1_006.jpg, 9
/raid/shreyansh_s_ch/datasets/HGM-4/HGM-1.0/Front_CAM/J/P4_003.jpg, 9
/raid/shreyansh_s_ch/datasets/HGM-4/HGM-1.0/Front_CAM/J/P2_006.jpg, 9
/raid/shreyansh_s_ch/datasets/HGM-4/HGM-1.0/Front_CAM/J/P1_003.jpg, 9
/raid/shreyansh_s_ch/datasets/HGM-4/HGM-1.0/Front_CAM/J/P2_004.jpg, 9
/raid/shreyansh_s_ch/datasets/HGM-4/HGM-1.0/Front_CAM/J/P2_003.jpg, 9
/raid/shreyansh_s_ch/datasets/HGM-4/HGM-1.0/Front_CAM/J/P5_006.jpg, 9
/raid/shreyansh_s_ch/datasets/HGM-4/HGM-1.0/Front_CAM/J/P3_007.jpg, 9
/raid/shreyansh_s_ch/datasets/HGM-4/HGM-1.0/Front_CAM/J/P3_006.jpg, 9
/raid/shreyansh_s_ch/datasets/HGM-4/HGM-1.0/Front_CAM/J/P1_007.jpg, 9
/raid/shreyansh_s_ch/datasets/HGM-4/HGM-1.0/Front_CAM/P/P4_006.jpg, 15
/raid/shreyansh_s_ch/datasets/HGM-4/HGM-1.0/Front_CAM/P/P3_008.jpg, 15
/raid/shreyansh_s_ch/datasets/HGM-4/HGM-1.0/Front_CAM/P/P1_005.jpg, 15
/raid/shreyansh_s_ch/datasets/HGM-4/HGM-1.0/Front_CAM/P/P1_002.jpg, 15
/raid/shreyansh_s_ch/datasets/HGM-4/HGM-1.0/Front_CAM/P/P4_004.jpg, 15
/raid/shreyansh_s_ch/datasets/HGM-4/HGM-1.0/Front_CAM/P/P4_001.jpg, 15
/raid/shreyansh_s_ch/datasets/HGM-4/HGM-1.0/Front_CAM/P/P2_005.jpg, 15
/raid/shreyansh_s_ch/datasets/HGM-4/HGM-1.0/Front_CAM/P/P4_005.jpg, 15
/raid/shreyansh_s_ch/datasets/HGM-4/HGM-1.0/Front_CAM/P/P2_008.jpg, 15
/raid/shreyansh_s_ch/datasets/HGM-4/HGM-1.0/Front_CAM/P/P2_001.jpg, 15
/raid/shreyansh_s_ch/datasets/HGM-4/HGM-1.0/Front_CAM/P/P3_003.jpg, 15
/raid/shreyansh_s_ch/datasets/HGM-4/HGM-1.0/Front_CAM/P/P5_007.jpg, 15
/raid/shreyansh_s_ch/datasets/HGM-4/HGM-1.0/Front_CAM/P/P4_008.jpg, 15
/raid/shreyansh_s_ch/datasets/HGM-4/HGM-1.0/Front_CAM/P/P1_004.jpg, 15
/raid/shreyansh_s_ch/datasets/HGM-4/HGM-1.0/Front_CAM/P/P5_002.jpg, 15
/raid/shreyansh_s_ch/datasets/HGM-4/HGM-1.0/Front_CAM/P/P1_008.jpg, 15
/raid/shreyansh_s_ch/datasets/HGM-4/HGM-1.0/Front_CAM/P/P5_003.jpg, 15
/raid/shreyansh_s_ch/datasets/HGM-4/HGM-1.0/Front_CAM/P/P3_005.jpg, 15
/raid/shreyansh_s_ch/datasets/HGM-4/HGM-1.0/Front_CAM/P/P2_007.jpg, 15
/raid/shreyansh_s_ch/datasets/HGM-4/HGM-1.0/Front_CAM/P/P3_002.jpg, 15
/raid/shreyansh_s_ch/datasets/HGM-4/HGM-1.0/Front_CAM/P/P5_005.jpg, 15
/raid/shreyansh_s_ch/datasets/HGM-4/HGM-1.0/Front_CAM/P/P4_007.jpg, 15
/raid/shreyansh_s_ch/datasets/HGM-4/HGM-1.0/Front_CAM/P/P1_001.jpg, 15
/raid/shreyansh_s_ch/datasets/HGM-4/HGM-1.0/Front_CAM/P/P5_001.jpg, 15
/raid/shreyansh_s_ch/datasets/HGM-4/HGM-1.0/Front_CAM/P/P3_004.jpg, 15
/raid/shreyansh_s_ch/datasets/HGM-4/HGM-1.0/Front_CAM/P/P4_002.jpg, 15
/raid/shreyansh_s_ch/datasets/HGM-4/HGM-1.0/Front_CAM/P/P2_002.jpg, 15
/raid/shreyansh_s_ch/datasets/HGM-4/HGM-1.0/Front_CAM/P/P5_004.jpg, 15
/raid/shreyansh_s_ch/datasets/HGM-4/HGM-1.0/Front_CAM/P/P3_001.jpg, 15
/raid/shreyansh_s_ch/datasets/HGM-4/HGM-1.0/Front_CAM/P/P1_006.jpg, 15
/raid/shreyansh_s_ch/datasets/HGM-4/HGM-1.0/Front_CAM/P/P4_003.jpg, 15
/raid/shreyansh_s_ch/datasets/HGM-4/HGM-1.0/Front_CAM/P/P2_006.jpg, 15
/raid/shreyansh_s_ch/datasets/HGM-4/HGM-1.0/Front_CAM/P/P1_003.jpg, 15
/raid/shreyansh_s_ch/datasets/HGM-4/HGM-1.0/Front_CAM/P/P5_009.jpg, 15
/raid/shreyansh_s_ch/datasets/HGM-4/HGM-1.0/Front_CAM/P/P2_004.jpg, 15
/raid/shreyansh_s_ch/datasets/HGM-4/HGM-1.0/Front_CAM/P/P2_003.jpg, 15
/raid/shreyansh_s_ch/datasets/HGM-4/HGM-1.0/Front_CAM/P/P5_006.jpg, 15
/raid/shreyansh_s_ch/datasets/HGM-4/HGM-1.0/Front_CAM/P/P3_007.jpg, 15
/raid/shreyansh_s_ch/datasets/HGM-4/HGM-1.0/Front_CAM/P/P3_006.jpg, 15
/raid/shreyansh_s_ch/datasets/HGM-4/HGM-1.0/Front_CAM/P/P1_007.jpg, 15
/raid/shreyansh_s_ch/datasets/HGM-4/HGM-1.0/Front_CAM/Q/P4_006.jpg, 16
/raid/shreyansh_s_ch/datasets/HGM-4/HGM-1.0/Front_CAM/Q/P3_008.jpg, 16
/raid/shreyansh_s_ch/datasets/HGM-4/HGM-1.0/Front_CAM/Q/P5_008.jpg, 16
/raid/shreyansh_s_ch/datasets/HGM-4/HGM-1.0/Front_CAM/Q/P4_004.jpg, 16
/raid/shreyansh_s_ch/datasets/HGM-4/HGM-1.0/Front_CAM/Q/P4_001.jpg, 16
/raid/shreyansh_s_ch/datasets/HGM-4/HGM-1.0/Front_CAM/Q/P2_005.jpg, 16
/raid/shreyansh_s_ch/datasets/HGM-4/HGM-1.0/Front_CAM/Q/P1_001_3.jpg, 16
/raid/shreyansh_s_ch/datasets/HGM-4/HGM-1.0/Front_CAM/Q/P4_005.jpg, 16
/raid/shreyansh_s_ch/datasets/HGM-4/HGM-1.0/Front_CAM/Q/P2_008.jpg, 16
/raid/shreyansh_s_ch/datasets/HGM-4/HGM-1.0/Front_CAM/Q/P2_001.jpg, 16
/raid/shreyansh_s_ch/datasets/HGM-4/HGM-1.0/Front_CAM/Q/P3_003.jpg, 16
/raid/shreyansh_s_ch/datasets/HGM-4/HGM-1.0/Front_CAM/Q/P4_008.jpg, 16
/raid/shreyansh_s_ch/datasets/HGM-4/HGM-1.0/Front_CAM/Q/P5_002.jpg, 16
/raid/shreyansh_s_ch/datasets/HGM-4/HGM-1.0/Front_CAM/Q/P1_005_3.jpg, 16
/raid/shreyansh_s_ch/datasets/HGM-4/HGM-1.0/Front_CAM/Q/P1_007_3.jpg, 16
/raid/shreyansh_s_ch/datasets/HGM-4/HGM-1.0/Front_CAM/Q/P5_003.jpg, 16
/raid/shreyansh_s_ch/datasets/HGM-4/HGM-1.0/Front_CAM/Q/P1_004_3.jpg, 16
/raid/shreyansh_s_ch/datasets/HGM-4/HGM-1.0/Front_CAM/Q/P3_005.jpg, 16
/raid/shreyansh_s_ch/datasets/HGM-4/HGM-1.0/Front_CAM/Q/P2_007.jpg, 16
/raid/shreyansh_s_ch/datasets/HGM-4/HGM-1.0/Front_CAM/Q/P3_002.jpg, 16
/raid/shreyansh_s_ch/datasets/HGM-4/HGM-1.0/Front_CAM/Q/P5_005.jpg, 16
/raid/shreyansh_s_ch/datasets/HGM-4/HGM-1.0/Front_CAM/Q/P4_007.jpg, 16
/raid/shreyansh_s_ch/datasets/HGM-4/HGM-1.0/Front_CAM/Q/P5_001.jpg, 16
/raid/shreyansh_s_ch/datasets/HGM-4/HGM-1.0/Front_CAM/Q/P3_004.jpg, 16
/raid/shreyansh_s_ch/datasets/HGM-4/HGM-1.0/Front_CAM/Q/P4_002.jpg, 16
/raid/shreyansh_s_ch/datasets/HGM-4/HGM-1.0/Front_CAM/Q/P2_002.jpg, 16
/raid/shreyansh_s_ch/datasets/HGM-4/HGM-1.0/Front_CAM/Q/P5_004.jpg, 16
/raid/shreyansh_s_ch/datasets/HGM-4/HGM-1.0/Front_CAM/Q/P3_001.jpg, 16
/raid/shreyansh_s_ch/datasets/HGM-4/HGM-1.0/Front_CAM/Q/P4_003.jpg, 16
/raid/shreyansh_s_ch/datasets/HGM-4/HGM-1.0/Front_CAM/Q/P1_001_8.jpg, 16
/raid/shreyansh_s_ch/datasets/HGM-4/HGM-1.0/Front_CAM/Q/P2_006.jpg, 16
/raid/shreyansh_s_ch/datasets/HGM-4/HGM-1.0/Front_CAM/Q/P1_003_3.jpg, 16
/raid/shreyansh_s_ch/datasets/HGM-4/HGM-1.0/Front_CAM/Q/P1_006_3.jpg, 16
/raid/shreyansh_s_ch/datasets/HGM-4/HGM-1.0/Front_CAM/Q/P1_002_3.jpg, 16
/raid/shreyansh_s_ch/datasets/HGM-4/HGM-1.0/Front_CAM/Q/P5_009.jpg, 16
/raid/shreyansh_s_ch/datasets/HGM-4/HGM-1.0/Front_CAM/Q/P2_004.jpg, 16
/raid/shreyansh_s_ch/datasets/HGM-4/HGM-1.0/Front_CAM/Q/P2_003.jpg, 16
/raid/shreyansh_s_ch/datasets/HGM-4/HGM-1.0/Front_CAM/Q/P5_006.jpg, 16
/raid/shreyansh_s_ch/datasets/HGM-4/HGM-1.0/Front_CAM/Q/P3_007.jpg, 16
/raid/shreyansh_s_ch/datasets/HGM-4/HGM-1.0/Front_CAM/Q/P3_006.jpg, 16
/raid/shreyansh_s_ch/datasets/HGM-4/HGM-1.0/Front_CAM/M/P4_006.jpg, 12
/raid/shreyansh_s_ch/datasets/HGM-4/HGM-1.0/Front_CAM/M/P3_008.jpg, 12
/raid/shreyansh_s_ch/datasets/HGM-4/HGM-1.0/Front_CAM/M/P5_008.jpg, 12
/raid/shreyansh_s_ch/datasets/HGM-4/HGM-1.0/Front_CAM/M/P1_005.jpg, 12
/raid/shreyansh_s_ch/datasets/HGM-4/HGM-1.0/Front_CAM/M/P1_002.jpg, 12
/raid/shreyansh_s_ch/datasets/HGM-4/HGM-1.0/Front_CAM/M/P4_004.jpg, 12
/raid/shreyansh_s_ch/datasets/HGM-4/HGM-1.0/Front_CAM/M/P4_001.jpg, 12
/raid/shreyansh_s_ch/datasets/HGM-4/HGM-1.0/Front_CAM/M/P2_005.jpg, 12
/raid/shreyansh_s_ch/datasets/HGM-4/HGM-1.0/Front_CAM/M/P4_005.jpg, 12
/raid/shreyansh_s_ch/datasets/HGM-4/HGM-1.0/Front_CAM/M/P2_008.jpg, 12
/raid/shreyansh_s_ch/datasets/HGM-4/HGM-1.0/Front_CAM/M/P2_001.jpg, 12
/raid/shreyansh_s_ch/datasets/HGM-4/HGM-1.0/Front_CAM/M/P3_003.jpg, 12
/raid/shreyansh_s_ch/datasets/HGM-4/HGM-1.0/Front_CAM/M/P5_007.jpg, 12
/raid/shreyansh_s_ch/datasets/HGM-4/HGM-1.0/Front_CAM/M/P4_008.jpg, 12
/raid/shreyansh_s_ch/datasets/HGM-4/HGM-1.0/Front_CAM/M/P1_004.jpg, 12
/raid/shreyansh_s_ch/datasets/HGM-4/HGM-1.0/Front_CAM/M/P5_002.jpg, 12
/raid/shreyansh_s_ch/datasets/HGM-4/HGM-1.0/Front_CAM/M/P1_008.jpg, 12
/raid/shreyansh_s_ch/datasets/HGM-4/HGM-1.0/Front_CAM/M/P5_003.jpg, 12
/raid/shreyansh_s_ch/datasets/HGM-4/HGM-1.0/Front_CAM/M/P3_005.jpg, 12
/raid/shreyansh_s_ch/datasets/HGM-4/HGM-1.0/Front_CAM/M/P2_007.jpg, 12
/raid/shreyansh_s_ch/datasets/HGM-4/HGM-1.0/Front_CAM/M/P3_002.jpg, 12
/raid/shreyansh_s_ch/datasets/HGM-4/HGM-1.0/Front_CAM/M/P5_005.jpg, 12
/raid/shreyansh_s_ch/datasets/HGM-4/HGM-1.0/Front_CAM/M/P4_007.jpg, 12
/raid/shreyansh_s_ch/datasets/HGM-4/HGM-1.0/Front_CAM/M/P1_001.jpg, 12
/raid/shreyansh_s_ch/datasets/HGM-4/HGM-1.0/Front_CAM/M/P5_001.jpg, 12
/raid/shreyansh_s_ch/datasets/HGM-4/HGM-1.0/Front_CAM/M/P3_004.jpg, 12
/raid/shreyansh_s_ch/datasets/HGM-4/HGM-1.0/Front_CAM/M/P4_002.jpg, 12
/raid/shreyansh_s_ch/datasets/HGM-4/HGM-1.0/Front_CAM/M/P2_002.jpg, 12
/raid/shreyansh_s_ch/datasets/HGM-4/HGM-1.0/Front_CAM/M/P5_004.jpg, 12
/raid/shreyansh_s_ch/datasets/HGM-4/HGM-1.0/Front_CAM/M/P3_001.jpg, 12
/raid/shreyansh_s_ch/datasets/HGM-4/HGM-1.0/Front_CAM/M/P1_006.jpg, 12
/raid/shreyansh_s_ch/datasets/HGM-4/HGM-1.0/Front_CAM/M/P4_003.jpg, 12
/raid/shreyansh_s_ch/datasets/HGM-4/HGM-1.0/Front_CAM/M/P2_006.jpg, 12
/raid/shreyansh_s_ch/datasets/HGM-4/HGM-1.0/Front_CAM/M/P1_003.jpg, 12
/raid/shreyansh_s_ch/datasets/HGM-4/HGM-1.0/Front_CAM/M/P2_004.jpg, 12
/raid/shreyansh_s_ch/datasets/HGM-4/HGM-1.0/Front_CAM/M/P2_003.jpg, 12
/raid/shreyansh_s_ch/datasets/HGM-4/HGM-1.0/Front_CAM/M/P5_006.jpg, 12
/raid/shreyansh_s_ch/datasets/HGM-4/HGM-1.0/Front_CAM/M/P3_007.jpg, 12
/raid/shreyansh_s_ch/datasets/HGM-4/HGM-1.0/Front_CAM/M/P3_006.jpg, 12
/raid/shreyansh_s_ch/datasets/HGM-4/HGM-1.0/Front_CAM/M/P1_007.jpg, 12
/raid/shreyansh_s_ch/datasets/HGM-4/HGM-1.0/Front_CAM/O/P4_006.jpg, 14
/raid/shreyansh_s_ch/datasets/HGM-4/HGM-1.0/Front_CAM/O/P3_008.jpg, 14
/raid/shreyansh_s_ch/datasets/HGM-4/HGM-1.0/Front_CAM/O/P5_008.jpg, 14
/raid/shreyansh_s_ch/datasets/HGM-4/HGM-1.0/Front_CAM/O/P1_005.jpg, 14
/raid/shreyansh_s_ch/datasets/HGM-4/HGM-1.0/Front_CAM/O/P1_002.jpg, 14
/raid/shreyansh_s_ch/datasets/HGM-4/HGM-1.0/Front_CAM/O/P4_004.jpg, 14
/raid/shreyansh_s_ch/datasets/HGM-4/HGM-1.0/Front_CAM/O/P4_001.jpg, 14
/raid/shreyansh_s_ch/datasets/HGM-4/HGM-1.0/Front_CAM/O/P2_005.jpg, 14
/raid/shreyansh_s_ch/datasets/HGM-4/HGM-1.0/Front_CAM/O/P4_005.jpg, 14
/raid/shreyansh_s_ch/datasets/HGM-4/HGM-1.0/Front_CAM/O/P2_008.jpg, 14
/raid/shreyansh_s_ch/datasets/HGM-4/HGM-1.0/Front_CAM/O/P2_001.jpg, 14
/raid/shreyansh_s_ch/datasets/HGM-4/HGM-1.0/Front_CAM/O/P3_003.jpg, 14
/raid/shreyansh_s_ch/datasets/HGM-4/HGM-1.0/Front_CAM/O/P5_007.jpg, 14
/raid/shreyansh_s_ch/datasets/HGM-4/HGM-1.0/Front_CAM/O/P4_008.jpg, 14
/raid/shreyansh_s_ch/datasets/HGM-4/HGM-1.0/Front_CAM/O/P1_004.jpg, 14
/raid/shreyansh_s_ch/datasets/HGM-4/HGM-1.0/Front_CAM/O/P5_002.jpg, 14
/raid/shreyansh_s_ch/datasets/HGM-4/HGM-1.0/Front_CAM/O/P1_008.jpg, 14
/raid/shreyansh_s_ch/datasets/HGM-4/HGM-1.0/Front_CAM/O/P5_003.jpg, 14
/raid/shreyansh_s_ch/datasets/HGM-4/HGM-1.0/Front_CAM/O/P3_005.jpg, 14
/raid/shreyansh_s_ch/datasets/HGM-4/HGM-1.0/Front_CAM/O/P2_007.jpg, 14
/raid/shreyansh_s_ch/datasets/HGM-4/HGM-1.0/Front_CAM/O/P3_002.jpg, 14
/raid/shreyansh_s_ch/datasets/HGM-4/HGM-1.0/Front_CAM/O/P5_005.jpg, 14
/raid/shreyansh_s_ch/datasets/HGM-4/HGM-1.0/Front_CAM/O/P4_007.jpg, 14
/raid/shreyansh_s_ch/datasets/HGM-4/HGM-1.0/Front_CAM/O/P1_001.jpg, 14
/raid/shreyansh_s_ch/datasets/HGM-4/HGM-1.0/Front_CAM/O/P5_001.jpg, 14
/raid/shreyansh_s_ch/datasets/HGM-4/HGM-1.0/Front_CAM/O/P3_004.jpg, 14
/raid/shreyansh_s_ch/datasets/HGM-4/HGM-1.0/Front_CAM/O/P4_002.jpg, 14
/raid/shreyansh_s_ch/datasets/HGM-4/HGM-1.0/Front_CAM/O/P2_002.jpg, 14
/raid/shreyansh_s_ch/datasets/HGM-4/HGM-1.0/Front_CAM/O/P5_004.jpg, 14
/raid/shreyansh_s_ch/datasets/HGM-4/HGM-1.0/Front_CAM/O/P3_001.jpg, 14
/raid/shreyansh_s_ch/datasets/HGM-4/HGM-1.0/Front_CAM/O/P1_006.jpg, 14
/raid/shreyansh_s_ch/datasets/HGM-4/HGM-1.0/Front_CAM/O/P4_003.jpg, 14
/raid/shreyansh_s_ch/datasets/HGM-4/HGM-1.0/Front_CAM/O/P2_006.jpg, 14
/raid/shreyansh_s_ch/datasets/HGM-4/HGM-1.0/Front_CAM/O/P1_003.jpg, 14
/raid/shreyansh_s_ch/datasets/HGM-4/HGM-1.0/Front_CAM/O/P2_004.jpg, 14
/raid/shreyansh_s_ch/datasets/HGM-4/HGM-1.0/Front_CAM/O/P2_003.jpg, 14
/raid/shreyansh_s_ch/datasets/HGM-4/HGM-1.0/Front_CAM/O/P5_006.jpg, 14
/raid/shreyansh_s_ch/datasets/HGM-4/HGM-1.0/Front_CAM/O/P3_007.jpg, 14
/raid/shreyansh_s_ch/datasets/HGM-4/HGM-1.0/Front_CAM/O/P3_006.jpg, 14
/raid/shreyansh_s_ch/datasets/HGM-4/HGM-1.0/Front_CAM/O/P1_007.jpg, 14
/raid/shreyansh_s_ch/datasets/HGM-4/HGM-1.0/Front_CAM/Z/P4_006.jpg, 25
/raid/shreyansh_s_ch/datasets/HGM-4/HGM-1.0/Front_CAM/Z/P3_008.jpg, 25
/raid/shreyansh_s_ch/datasets/HGM-4/HGM-1.0/Front_CAM/Z/P5_008.jpg, 25
/raid/shreyansh_s_ch/datasets/HGM-4/HGM-1.0/Front_CAM/Z/P1_005.jpg, 25
/raid/shreyansh_s_ch/datasets/HGM-4/HGM-1.0/Front_CAM/Z/P1_002.jpg, 25
/raid/shreyansh_s_ch/datasets/HGM-4/HGM-1.0/Front_CAM/Z/P4_004.jpg, 25
/raid/shreyansh_s_ch/datasets/HGM-4/HGM-1.0/Front_CAM/Z/P4_001.jpg, 25
/raid/shreyansh_s_ch/datasets/HGM-4/HGM-1.0/Front_CAM/Z/P2_005.jpg, 25
/raid/shreyansh_s_ch/datasets/HGM-4/HGM-1.0/Front_CAM/Z/P4_005.jpg, 25
/raid/shreyansh_s_ch/datasets/HGM-4/HGM-1.0/Front_CAM/Z/P2_008.jpg, 25
/raid/shreyansh_s_ch/datasets/HGM-4/HGM-1.0/Front_CAM/Z/P2_001.jpg, 25
/raid/shreyansh_s_ch/datasets/HGM-4/HGM-1.0/Front_CAM/Z/P3_003.jpg, 25
/raid/shreyansh_s_ch/datasets/HGM-4/HGM-1.0/Front_CAM/Z/P5_007.jpg, 25
/raid/shreyansh_s_ch/datasets/HGM-4/HGM-1.0/Front_CAM/Z/P4_008.jpg, 25
/raid/shreyansh_s_ch/datasets/HGM-4/HGM-1.0/Front_CAM/Z/P1_004.jpg, 25
/raid/shreyansh_s_ch/datasets/HGM-4/HGM-1.0/Front_CAM/Z/P5_002.jpg, 25
/raid/shreyansh_s_ch/datasets/HGM-4/HGM-1.0/Front_CAM/Z/P1_008.jpg, 25
/raid/shreyansh_s_ch/datasets/HGM-4/HGM-1.0/Front_CAM/Z/P5_003.jpg, 25
/raid/shreyansh_s_ch/datasets/HGM-4/HGM-1.0/Front_CAM/Z/P3_005.jpg, 25
/raid/shreyansh_s_ch/datasets/HGM-4/HGM-1.0/Front_CAM/Z/P2_007.jpg, 25
/raid/shreyansh_s_ch/datasets/HGM-4/HGM-1.0/Front_CAM/Z/P3_002.jpg, 25
/raid/shreyansh_s_ch/datasets/HGM-4/HGM-1.0/Front_CAM/Z/P5_005.jpg, 25
/raid/shreyansh_s_ch/datasets/HGM-4/HGM-1.0/Front_CAM/Z/P4_007.jpg, 25
/raid/shreyansh_s_ch/datasets/HGM-4/HGM-1.0/Front_CAM/Z/P1_001.jpg, 25
/raid/shreyansh_s_ch/datasets/HGM-4/HGM-1.0/Front_CAM/Z/P5_001.jpg, 25
/raid/shreyansh_s_ch/datasets/HGM-4/HGM-1.0/Front_CAM/Z/P3_004.jpg, 25
/raid/shreyansh_s_ch/datasets/HGM-4/HGM-1.0/Front_CAM/Z/P4_002.jpg, 25
/raid/shreyansh_s_ch/datasets/HGM-4/HGM-1.0/Front_CAM/Z/P2_002.jpg, 25
/raid/shreyansh_s_ch/datasets/HGM-4/HGM-1.0/Front_CAM/Z/P5_004.jpg, 25
/raid/shreyansh_s_ch/datasets/HGM-4/HGM-1.0/Front_CAM/Z/P3_001.jpg, 25
/raid/shreyansh_s_ch/datasets/HGM-4/HGM-1.0/Front_CAM/Z/P1_006.jpg, 25
/raid/shreyansh_s_ch/datasets/HGM-4/HGM-1.0/Front_CAM/Z/P4_003.jpg, 25
/raid/shreyansh_s_ch/datasets/HGM-4/HGM-1.0/Front_CAM/Z/P2_006.jpg, 25
/raid/shreyansh_s_ch/datasets/HGM-4/HGM-1.0/Front_CAM/Z/P1_003.jpg, 25
/raid/shreyansh_s_ch/datasets/HGM-4/HGM-1.0/Front_CAM/Z/P2_004.jpg, 25
/raid/shreyansh_s_ch/datasets/HGM-4/HGM-1.0/Front_CAM/Z/P2_003.jpg, 25
/raid/shreyansh_s_ch/datasets/HGM-4/HGM-1.0/Front_CAM/Z/P5_006.jpg, 25
/raid/shreyansh_s_ch/datasets/HGM-4/HGM-1.0/Front_CAM/Z/P3_007.jpg, 25
/raid/shreyansh_s_ch/datasets/HGM-4/HGM-1.0/Front_CAM/Z/P3_006.jpg, 25
/raid/shreyansh_s_ch/datasets/HGM-4/HGM-1.0/Front_CAM/Z/P1_007.jpg, 25
/raid/shreyansh_s_ch/datasets/HGM-4/HGM-1.0/Front_CAM/W/P4_006.jpg, 22
/raid/shreyansh_s_ch/datasets/HGM-4/HGM-1.0/Front_CAM/W/P3_008.jpg, 22
/raid/shreyansh_s_ch/datasets/HGM-4/HGM-1.0/Front_CAM/W/P5_008.jpg, 22
/raid/shreyansh_s_ch/datasets/HGM-4/HGM-1.0/Front_CAM/W/P1_005.jpg, 22
/raid/shreyansh_s_ch/datasets/HGM-4/HGM-1.0/Front_CAM/W/P1_002.jpg, 22
/raid/shreyansh_s_ch/datasets/HGM-4/HGM-1.0/Front_CAM/W/P4_004.jpg, 22
/raid/shreyansh_s_ch/datasets/HGM-4/HGM-1.0/Front_CAM/W/P4_001.jpg, 22
/raid/shreyansh_s_ch/datasets/HGM-4/HGM-1.0/Front_CAM/W/P2_005.jpg, 22
/raid/shreyansh_s_ch/datasets/HGM-4/HGM-1.0/Front_CAM/W/P4_005.jpg, 22
/raid/shreyansh_s_ch/datasets/HGM-4/HGM-1.0/Front_CAM/W/P2_008.jpg, 22
/raid/shreyansh_s_ch/datasets/HGM-4/HGM-1.0/Front_CAM/W/P2_001.jpg, 22
/raid/shreyansh_s_ch/datasets/HGM-4/HGM-1.0/Front_CAM/W/P3_003.jpg, 22
/raid/shreyansh_s_ch/datasets/HGM-4/HGM-1.0/Front_CAM/W/P5_007.jpg, 22
/raid/shreyansh_s_ch/datasets/HGM-4/HGM-1.0/Front_CAM/W/P4_008.jpg, 22
/raid/shreyansh_s_ch/datasets/HGM-4/HGM-1.0/Front_CAM/W/P1_004.jpg, 22
/raid/shreyansh_s_ch/datasets/HGM-4/HGM-1.0/Front_CAM/W/P5_002.jpg, 22
/raid/shreyansh_s_ch/datasets/HGM-4/HGM-1.0/Front_CAM/W/P1_008.jpg, 22
/raid/shreyansh_s_ch/datasets/HGM-4/HGM-1.0/Front_CAM/W/P5_003.jpg, 22
/raid/shreyansh_s_ch/datasets/HGM-4/HGM-1.0/Front_CAM/W/P3_005.jpg, 22
/raid/shreyansh_s_ch/datasets/HGM-4/HGM-1.0/Front_CAM/W/P2_007.jpg, 22
/raid/shreyansh_s_ch/datasets/HGM-4/HGM-1.0/Front_CAM/W/P3_002.jpg, 22
/raid/shreyansh_s_ch/datasets/HGM-4/HGM-1.0/Front_CAM/W/P5_005.jpg, 22
/raid/shreyansh_s_ch/datasets/HGM-4/HGM-1.0/Front_CAM/W/P4_007.jpg, 22
/raid/shreyansh_s_ch/datasets/HGM-4/HGM-1.0/Front_CAM/W/P1_001.jpg, 22
/raid/shreyansh_s_ch/datasets/HGM-4/HGM-1.0/Front_CAM/W/P5_001.jpg, 22
/raid/shreyansh_s_ch/datasets/HGM-4/HGM-1.0/Front_CAM/W/P3_004.jpg, 22
/raid/shreyansh_s_ch/datasets/HGM-4/HGM-1.0/Front_CAM/W/P4_002.jpg, 22
/raid/shreyansh_s_ch/datasets/HGM-4/HGM-1.0/Front_CAM/W/P2_002.jpg, 22
/raid/shreyansh_s_ch/datasets/HGM-4/HGM-1.0/Front_CAM/W/P5_004.jpg, 22
/raid/shreyansh_s_ch/datasets/HGM-4/HGM-1.0/Front_CAM/W/P3_001.jpg, 22
/raid/shreyansh_s_ch/datasets/HGM-4/HGM-1.0/Front_CAM/W/P1_006.jpg, 22
/raid/shreyansh_s_ch/datasets/HGM-4/HGM-1.0/Front_CAM/W/P4_003.jpg, 22
/raid/shreyansh_s_ch/datasets/HGM-4/HGM-1.0/Front_CAM/W/P2_006.jpg, 22
/raid/shreyansh_s_ch/datasets/HGM-4/HGM-1.0/Front_CAM/W/P1_003.jpg, 22
/raid/shreyansh_s_ch/datasets/HGM-4/HGM-1.0/Front_CAM/W/P2_004.jpg, 22
/raid/shreyansh_s_ch/datasets/HGM-4/HGM-1.0/Front_CAM/W/P2_003.jpg, 22
/raid/shreyansh_s_ch/datasets/HGM-4/HGM-1.0/Front_CAM/W/P5_006.jpg, 22
/raid/shreyansh_s_ch/datasets/HGM-4/HGM-1.0/Front_CAM/W/P3_007.jpg, 22
/raid/shreyansh_s_ch/datasets/HGM-4/HGM-1.0/Front_CAM/W/P3_006.jpg, 22
/raid/shreyansh_s_ch/datasets/HGM-4/HGM-1.0/Front_CAM/W/P1_007.jpg, 22
/raid/shreyansh_s_ch/datasets/HGM-4/HGM-1.0/Front_CAM/K/P4_006.jpg, 10
/raid/shreyansh_s_ch/datasets/HGM-4/HGM-1.0/Front_CAM/K/P3_008.jpg, 10
/raid/shreyansh_s_ch/datasets/HGM-4/HGM-1.0/Front_CAM/K/P5_008.jpg, 10
/raid/shreyansh_s_ch/datasets/HGM-4/HGM-1.0/Front_CAM/K/P1_005.jpg, 10
/raid/shreyansh_s_ch/datasets/HGM-4/HGM-1.0/Front_CAM/K/P1_002.jpg, 10
/raid/shreyansh_s_ch/datasets/HGM-4/HGM-1.0/Front_CAM/K/P4_004.jpg, 10
/raid/shreyansh_s_ch/datasets/HGM-4/HGM-1.0/Front_CAM/K/P4_001.jpg, 10
/raid/shreyansh_s_ch/datasets/HGM-4/HGM-1.0/Front_CAM/K/P2_005.jpg, 10
/raid/shreyansh_s_ch/datasets/HGM-4/HGM-1.0/Front_CAM/K/P4_005.jpg, 10
/raid/shreyansh_s_ch/datasets/HGM-4/HGM-1.0/Front_CAM/K/P2_008.jpg, 10
/raid/shreyansh_s_ch/datasets/HGM-4/HGM-1.0/Front_CAM/K/P2_001.jpg, 10
/raid/shreyansh_s_ch/datasets/HGM-4/HGM-1.0/Front_CAM/K/P3_003.jpg, 10
/raid/shreyansh_s_ch/datasets/HGM-4/HGM-1.0/Front_CAM/K/P5_007.jpg, 10
/raid/shreyansh_s_ch/datasets/HGM-4/HGM-1.0/Front_CAM/K/P4_008.jpg, 10
/raid/shreyansh_s_ch/datasets/HGM-4/HGM-1.0/Front_CAM/K/P1_004.jpg, 10
/raid/shreyansh_s_ch/datasets/HGM-4/HGM-1.0/Front_CAM/K/P5_002.jpg, 10
/raid/shreyansh_s_ch/datasets/HGM-4/HGM-1.0/Front_CAM/K/P1_008.jpg, 10
/raid/shreyansh_s_ch/datasets/HGM-4/HGM-1.0/Front_CAM/K/P5_003.jpg, 10
/raid/shreyansh_s_ch/datasets/HGM-4/HGM-1.0/Front_CAM/K/P3_005.jpg, 10
/raid/shreyansh_s_ch/datasets/HGM-4/HGM-1.0/Front_CAM/K/P2_007.jpg, 10
/raid/shreyansh_s_ch/datasets/HGM-4/HGM-1.0/Front_CAM/K/P3_002.jpg, 10
/raid/shreyansh_s_ch/datasets/HGM-4/HGM-1.0/Front_CAM/K/P5_005.jpg, 10
/raid/shreyansh_s_ch/datasets/HGM-4/HGM-1.0/Front_CAM/K/P4_007.jpg, 10
/raid/shreyansh_s_ch/datasets/HGM-4/HGM-1.0/Front_CAM/K/P1_001.jpg, 10
/raid/shreyansh_s_ch/datasets/HGM-4/HGM-1.0/Front_CAM/K/P5_001.jpg, 10
/raid/shreyansh_s_ch/datasets/HGM-4/HGM-1.0/Front_CAM/K/P3_004.jpg, 10
/raid/shreyansh_s_ch/datasets/HGM-4/HGM-1.0/Front_CAM/K/P4_002.jpg, 10
/raid/shreyansh_s_ch/datasets/HGM-4/HGM-1.0/Front_CAM/K/P2_002.jpg, 10
/raid/shreyansh_s_ch/datasets/HGM-4/HGM-1.0/Front_CAM/K/P5_004.jpg, 10
/raid/shreyansh_s_ch/datasets/HGM-4/HGM-1.0/Front_CAM/K/P3_001.jpg, 10
/raid/shreyansh_s_ch/datasets/HGM-4/HGM-1.0/Front_CAM/K/P1_006.jpg, 10
/raid/shreyansh_s_ch/datasets/HGM-4/HGM-1.0/Front_CAM/K/P4_003.jpg, 10
/raid/shreyansh_s_ch/datasets/HGM-4/HGM-1.0/Front_CAM/K/P2_006.jpg, 10
/raid/shreyansh_s_ch/datasets/HGM-4/HGM-1.0/Front_CAM/K/P1_003.jpg, 10
/raid/shreyansh_s_ch/datasets/HGM-4/HGM-1.0/Front_CAM/K/P2_004.jpg, 10
/raid/shreyansh_s_ch/datasets/HGM-4/HGM-1.0/Front_CAM/K/P2_003.jpg, 10
/raid/shreyansh_s_ch/datasets/HGM-4/HGM-1.0/Front_CAM/K/P5_006.jpg, 10
/raid/shreyansh_s_ch/datasets/HGM-4/HGM-1.0/Front_CAM/K/P3_007.jpg, 10
/raid/shreyansh_s_ch/datasets/HGM-4/HGM-1.0/Front_CAM/K/P3_006.jpg, 10
/raid/shreyansh_s_ch/datasets/HGM-4/HGM-1.0/Front_CAM/K/P1_007.jpg, 10
/raid/shreyansh_s_ch/datasets/HGM-4/HGM-1.0/Front_CAM/U/P4_006.jpg, 20
/raid/shreyansh_s_ch/datasets/HGM-4/HGM-1.0/Front_CAM/U/P3_008.jpg, 20
/raid/shreyansh_s_ch/datasets/HGM-4/HGM-1.0/Front_CAM/U/P5_008.jpg, 20
/raid/shreyansh_s_ch/datasets/HGM-4/HGM-1.0/Front_CAM/U/P1_005.jpg, 20
/raid/shreyansh_s_ch/datasets/HGM-4/HGM-1.0/Front_CAM/U/P1_002.jpg, 20
/raid/shreyansh_s_ch/datasets/HGM-4/HGM-1.0/Front_CAM/U/P4_004.jpg, 20
/raid/shreyansh_s_ch/datasets/HGM-4/HGM-1.0/Front_CAM/U/P4_001.jpg, 20
/raid/shreyansh_s_ch/datasets/HGM-4/HGM-1.0/Front_CAM/U/P2_005.jpg, 20
/raid/shreyansh_s_ch/datasets/HGM-4/HGM-1.0/Front_CAM/U/P4_005.jpg, 20
/raid/shreyansh_s_ch/datasets/HGM-4/HGM-1.0/Front_CAM/U/P2_008.jpg, 20
/raid/shreyansh_s_ch/datasets/HGM-4/HGM-1.0/Front_CAM/U/P2_001.jpg, 20
/raid/shreyansh_s_ch/datasets/HGM-4/HGM-1.0/Front_CAM/U/P3_003.jpg, 20
/raid/shreyansh_s_ch/datasets/HGM-4/HGM-1.0/Front_CAM/U/P5_007.jpg, 20
/raid/shreyansh_s_ch/datasets/HGM-4/HGM-1.0/Front_CAM/U/P4_008.jpg, 20
/raid/shreyansh_s_ch/datasets/HGM-4/HGM-1.0/Front_CAM/U/P1_004.jpg, 20
/raid/shreyansh_s_ch/datasets/HGM-4/HGM-1.0/Front_CAM/U/P5_002.jpg, 20
/raid/shreyansh_s_ch/datasets/HGM-4/HGM-1.0/Front_CAM/U/P1_008.jpg, 20
/raid/shreyansh_s_ch/datasets/HGM-4/HGM-1.0/Front_CAM/U/P5_003.jpg, 20
/raid/shreyansh_s_ch/datasets/HGM-4/HGM-1.0/Front_CAM/U/P3_005.jpg, 20
/raid/shreyansh_s_ch/datasets/HGM-4/HGM-1.0/Front_CAM/U/P2_007.jpg, 20
/raid/shreyansh_s_ch/datasets/HGM-4/HGM-1.0/Front_CAM/U/P3_002.jpg, 20
/raid/shreyansh_s_ch/datasets/HGM-4/HGM-1.0/Front_CAM/U/P5_005.jpg, 20
/raid/shreyansh_s_ch/datasets/HGM-4/HGM-1.0/Front_CAM/U/P4_007.jpg, 20
/raid/shreyansh_s_ch/datasets/HGM-4/HGM-1.0/Front_CAM/U/P1_001.jpg, 20
/raid/shreyansh_s_ch/datasets/HGM-4/HGM-1.0/Front_CAM/U/P5_001.jpg, 20
/raid/shreyansh_s_ch/datasets/HGM-4/HGM-1.0/Front_CAM/U/P3_004.jpg, 20
/raid/shreyansh_s_ch/datasets/HGM-4/HGM-1.0/Front_CAM/U/P4_002.jpg, 20
/raid/shreyansh_s_ch/datasets/HGM-4/HGM-1.0/Front_CAM/U/P2_002.jpg, 20
/raid/shreyansh_s_ch/datasets/HGM-4/HGM-1.0/Front_CAM/U/P5_004.jpg, 20
/raid/shreyansh_s_ch/datasets/HGM-4/HGM-1.0/Front_CAM/U/P3_001.jpg, 20
/raid/shreyansh_s_ch/datasets/HGM-4/HGM-1.0/Front_CAM/U/P1_006.jpg, 20
/raid/shreyansh_s_ch/datasets/HGM-4/HGM-1.0/Front_CAM/U/P4_003.jpg, 20
/raid/shreyansh_s_ch/datasets/HGM-4/HGM-1.0/Front_CAM/U/P2_006.jpg, 20
/raid/shreyansh_s_ch/datasets/HGM-4/HGM-1.0/Front_CAM/U/P1_003.jpg, 20
/raid/shreyansh_s_ch/datasets/HGM-4/HGM-1.0/Front_CAM/U/P2_004.jpg, 20
/raid/shreyansh_s_ch/datasets/HGM-4/HGM-1.0/Front_CAM/U/P2_003.jpg, 20
/raid/shreyansh_s_ch/datasets/HGM-4/HGM-1.0/Front_CAM/U/P5_006.jpg, 20
/raid/shreyansh_s_ch/datasets/HGM-4/HGM-1.0/Front_CAM/U/P3_007.jpg, 20
/raid/shreyansh_s_ch/datasets/HGM-4/HGM-1.0/Front_CAM/U/P3_006.jpg, 20
/raid/shreyansh_s_ch/datasets/HGM-4/HGM-1.0/Front_CAM/U/P1_007.jpg, 20
/raid/shreyansh_s_ch/datasets/HGM-4/HGM-1.0/Front_CAM/N/P4_006.jpg, 13
/raid/shreyansh_s_ch/datasets/HGM-4/HGM-1.0/Front_CAM/N/P3_008.jpg, 13
/raid/shreyansh_s_ch/datasets/HGM-4/HGM-1.0/Front_CAM/N/P5_008.jpg, 13
/raid/shreyansh_s_ch/datasets/HGM-4/HGM-1.0/Front_CAM/N/P1_005.jpg, 13
/raid/shreyansh_s_ch/datasets/HGM-4/HGM-1.0/Front_CAM/N/P1_002.jpg, 13
/raid/shreyansh_s_ch/datasets/HGM-4/HGM-1.0/Front_CAM/N/P4_004.jpg, 13
/raid/shreyansh_s_ch/datasets/HGM-4/HGM-1.0/Front_CAM/N/P4_001.jpg, 13
/raid/shreyansh_s_ch/datasets/HGM-4/HGM-1.0/Front_CAM/N/P2_005.jpg, 13
/raid/shreyansh_s_ch/datasets/HGM-4/HGM-1.0/Front_CAM/N/P4_005.jpg, 13
/raid/shreyansh_s_ch/datasets/HGM-4/HGM-1.0/Front_CAM/N/P2_008.jpg, 13
/raid/shreyansh_s_ch/datasets/HGM-4/HGM-1.0/Front_CAM/N/P2_001.jpg, 13
/raid/shreyansh_s_ch/datasets/HGM-4/HGM-1.0/Front_CAM/N/P3_003.jpg, 13
/raid/shreyansh_s_ch/datasets/HGM-4/HGM-1.0/Front_CAM/N/P5_007.jpg, 13
/raid/shreyansh_s_ch/datasets/HGM-4/HGM-1.0/Front_CAM/N/P4_008.jpg, 13
/raid/shreyansh_s_ch/datasets/HGM-4/HGM-1.0/Front_CAM/N/P1_004.jpg, 13
/raid/shreyansh_s_ch/datasets/HGM-4/HGM-1.0/Front_CAM/N/P5_002.jpg, 13
/raid/shreyansh_s_ch/datasets/HGM-4/HGM-1.0/Front_CAM/N/P1_008.jpg, 13
/raid/shreyansh_s_ch/datasets/HGM-4/HGM-1.0/Front_CAM/N/P5_003.jpg, 13
/raid/shreyansh_s_ch/datasets/HGM-4/HGM-1.0/Front_CAM/N/P3_005.jpg, 13
/raid/shreyansh_s_ch/datasets/HGM-4/HGM-1.0/Front_CAM/N/P2_007.jpg, 13
/raid/shreyansh_s_ch/datasets/HGM-4/HGM-1.0/Front_CAM/N/P3_002.jpg, 13
/raid/shreyansh_s_ch/datasets/HGM-4/HGM-1.0/Front_CAM/N/P5_005.jpg, 13
/raid/shreyansh_s_ch/datasets/HGM-4/HGM-1.0/Front_CAM/N/P4_007.jpg, 13
/raid/shreyansh_s_ch/datasets/HGM-4/HGM-1.0/Front_CAM/N/P1_001.jpg, 13
/raid/shreyansh_s_ch/datasets/HGM-4/HGM-1.0/Front_CAM/N/P5_001.jpg, 13
/raid/shreyansh_s_ch/datasets/HGM-4/HGM-1.0/Front_CAM/N/P3_004.jpg, 13
/raid/shreyansh_s_ch/datasets/HGM-4/HGM-1.0/Front_CAM/N/P4_002.jpg, 13
/raid/shreyansh_s_ch/datasets/HGM-4/HGM-1.0/Front_CAM/N/P2_002.jpg, 13
/raid/shreyansh_s_ch/datasets/HGM-4/HGM-1.0/Front_CAM/N/P5_004.jpg, 13
/raid/shreyansh_s_ch/datasets/HGM-4/HGM-1.0/Front_CAM/N/P3_001.jpg, 13
/raid/shreyansh_s_ch/datasets/HGM-4/HGM-1.0/Front_CAM/N/P1_006.jpg, 13
/raid/shreyansh_s_ch/datasets/HGM-4/HGM-1.0/Front_CAM/N/P4_003.jpg, 13
/raid/shreyansh_s_ch/datasets/HGM-4/HGM-1.0/Front_CAM/N/P2_006.jpg, 13
/raid/shreyansh_s_ch/datasets/HGM-4/HGM-1.0/Front_CAM/N/P1_003.jpg, 13
/raid/shreyansh_s_ch/datasets/HGM-4/HGM-1.0/Front_CAM/N/P2_004.jpg, 13
/raid/shreyansh_s_ch/datasets/HGM-4/HGM-1.0/Front_CAM/N/P2_003.jpg, 13
/raid/shreyansh_s_ch/datasets/HGM-4/HGM-1.0/Front_CAM/N/P5_006.jpg, 13
/raid/shreyansh_s_ch/datasets/HGM-4/HGM-1.0/Front_CAM/N/P3_007.jpg, 13
/raid/shreyansh_s_ch/datasets/HGM-4/HGM-1.0/Front_CAM/N/P3_006.jpg, 13
/raid/shreyansh_s_ch/datasets/HGM-4/HGM-1.0/Front_CAM/N/P1_007.jpg, 13
/raid/shreyansh_s_ch/datasets/HGM-4/HGM-1.0/Front_CAM/A/P4_006.jpg, 0
/raid/shreyansh_s_ch/datasets/HGM-4/HGM-1.0/Front_CAM/A/P3_008.jpg, 0
/raid/shreyansh_s_ch/datasets/HGM-4/HGM-1.0/Front_CAM/A/P5_008.jpg, 0
/raid/shreyansh_s_ch/datasets/HGM-4/HGM-1.0/Front_CAM/A/P1_005.jpg, 0
/raid/shreyansh_s_ch/datasets/HGM-4/HGM-1.0/Front_CAM/A/P1_002.jpg, 0
/raid/shreyansh_s_ch/datasets/HGM-4/HGM-1.0/Front_CAM/A/P4_004.jpg, 0
/raid/shreyansh_s_ch/datasets/HGM-4/HGM-1.0/Front_CAM/A/P4_001.jpg, 0
/raid/shreyansh_s_ch/datasets/HGM-4/HGM-1.0/Front_CAM/A/P2_005.jpg, 0
/raid/shreyansh_s_ch/datasets/HGM-4/HGM-1.0/Front_CAM/A/P4_005.jpg, 0
/raid/shreyansh_s_ch/datasets/HGM-4/HGM-1.0/Front_CAM/A/P2_008.jpg, 0
/raid/shreyansh_s_ch/datasets/HGM-4/HGM-1.0/Front_CAM/A/P2_001.jpg, 0
/raid/shreyansh_s_ch/datasets/HGM-4/HGM-1.0/Front_CAM/A/P3_003.jpg, 0
/raid/shreyansh_s_ch/datasets/HGM-4/HGM-1.0/Front_CAM/A/P5_007.jpg, 0
/raid/shreyansh_s_ch/datasets/HGM-4/HGM-1.0/Front_CAM/A/P4_008.jpg, 0
/raid/shreyansh_s_ch/datasets/HGM-4/HGM-1.0/Front_CAM/A/P1_004.jpg, 0
/raid/shreyansh_s_ch/datasets/HGM-4/HGM-1.0/Front_CAM/A/P5_002.jpg, 0
/raid/shreyansh_s_ch/datasets/HGM-4/HGM-1.0/Front_CAM/A/P1_008.jpg, 0
/raid/shreyansh_s_ch/datasets/HGM-4/HGM-1.0/Front_CAM/A/P5_003.jpg, 0
/raid/shreyansh_s_ch/datasets/HGM-4/HGM-1.0/Front_CAM/A/P3_005.jpg, 0
/raid/shreyansh_s_ch/datasets/HGM-4/HGM-1.0/Front_CAM/A/P2_007.jpg, 0
/raid/shreyansh_s_ch/datasets/HGM-4/HGM-1.0/Front_CAM/A/P3_002.jpg, 0
/raid/shreyansh_s_ch/datasets/HGM-4/HGM-1.0/Front_CAM/A/P5_005.jpg, 0
/raid/shreyansh_s_ch/datasets/HGM-4/HGM-1.0/Front_CAM/A/P4_007.jpg, 0
/raid/shreyansh_s_ch/datasets/HGM-4/HGM-1.0/Front_CAM/A/P1_001.jpg, 0
/raid/shreyansh_s_ch/datasets/HGM-4/HGM-1.0/Front_CAM/A/P5_001.jpg, 0
/raid/shreyansh_s_ch/datasets/HGM-4/HGM-1.0/Front_CAM/A/P3_004.jpg, 0
/raid/shreyansh_s_ch/datasets/HGM-4/HGM-1.0/Front_CAM/A/P4_002.jpg, 0
/raid/shreyansh_s_ch/datasets/HGM-4/HGM-1.0/Front_CAM/A/P2_002.jpg, 0
/raid/shreyansh_s_ch/datasets/HGM-4/HGM-1.0/Front_CAM/A/P5_004.jpg, 0
/raid/shreyansh_s_ch/datasets/HGM-4/HGM-1.0/Front_CAM/A/P3_001.jpg, 0
/raid/shreyansh_s_ch/datasets/HGM-4/HGM-1.0/Front_CAM/A/P1_006.jpg, 0
/raid/shreyansh_s_ch/datasets/HGM-4/HGM-1.0/Front_CAM/A/P4_003.jpg, 0
/raid/shreyansh_s_ch/datasets/HGM-4/HGM-1.0/Front_CAM/A/P2_006.jpg, 0
/raid/shreyansh_s_ch/datasets/HGM-4/HGM-1.0/Front_CAM/A/P1_003.jpg, 0
/raid/shreyansh_s_ch/datasets/HGM-4/HGM-1.0/Front_CAM/A/P2_004.jpg, 0
/raid/shreyansh_s_ch/datasets/HGM-4/HGM-1.0/Front_CAM/A/P2_003.jpg, 0
/raid/shreyansh_s_ch/datasets/HGM-4/HGM-1.0/Front_CAM/A/P5_006.jpg, 0
/raid/shreyansh_s_ch/datasets/HGM-4/HGM-1.0/Front_CAM/A/P3_007.jpg, 0
/raid/shreyansh_s_ch/datasets/HGM-4/HGM-1.0/Front_CAM/A/P3_006.jpg, 0
/raid/shreyansh_s_ch/datasets/HGM-4/HGM-1.0/Front_CAM/A/P1_007.jpg, 0
